name,Gender,Eye color,Race,Hair color,Height,Publisher,Skin color,Alignment,Weight
A-Bomb,Male,yellow,Human,No Hair,203,Marvel Comics,-,good,441
Abe Sapien,Male,blue,Icthyo Sapien,No Hair,191,Dark Horse Comics,blue,good,65
Abin Sur,Male,blue,Ungaran,No Hair,185,DC Comics,red,good,90
Abomination,Male,green,Human / Radiation,No Hair,203,Marvel Comics,-,bad,441
Abraxas,Male,blue,Cosmic Entity,Black,-99,Marvel Comics,-,bad,-99
Absorbing Man,Male,blue,Human,No Hair,193,Marvel Comics,-,bad,122
Adam Monroe,Male,blue,-,Blond,-99,NBC - Heroes,-,good,-99
Adam Strange,Male,blue,Human,Blond,185,DC Comics,-,good,88
Agent 13,Female,blue,-,Blond,173,Marvel Comics,-,good,61
Agent Bob,Male,brown,Human,Brown,178,Marvel Comics,-,good,81
Agent Zero,Male,-,-,-,191,Marvel Comics,-,good,104
Air-Walker,Male,blue,-,White,188,Marvel Comics,-,bad,108
Ajax,Male,brown,Cyborg,Black,193,Marvel Comics,-,bad,90
Alan Scott,Male,blue,-,Blond,180,DC Comics,-,good,90
Alex Mercer,Male,-,Human,-,-99,Wildstorm,-,bad,-99
Alex Woolsly,Male,-,-,-,-99,NBC - Heroes,-,good,-99
Alfred Pennyworth,Male,blue,Human,Black,178,DC Comics,-,good,72
Alien,Male,-,Xenomorph XX121,No Hair,244,Dark Horse Comics,black,bad,169
Allan Quatermain,Male,-,-,-,-99,Wildstorm,-,good,-99
Amazo,Male,red,Android,-,257,DC Comics,-,bad,173
Ammo,Male,brown,Human,Black,188,Marvel Comics,-,bad,101
Ando Masahashi,Male,-,-,-,-99,NBC - Heroes,-,good,-99
Angel,Male,blue,-,Blond,183,Marvel Comics,-,good,68
Angel,Male,-,Vampire,-,-99,Dark Horse Comics,-,good,-99
Angel Dust,Female,yellow,Mutant,Black,165,Marvel Comics,-,good,57
Angel Salvadore,Female,brown,-,Black,163,Marvel Comics,-,good,54
Angela,Female,-,-,-,-99,Image Comics,-,bad,-99
Animal Man,Male,blue,Human,Blond,183,DC Comics,-,good,83
Annihilus,Male,green,-,No Hair,180,Marvel Comics,-,bad,90
Ant-Man,Male,blue,Human,Blond,211,Marvel Comics,-,good,122
Ant-Man II,Male,blue,Human,Blond,183,Marvel Comics,-,good,86
Anti-Monitor,Male,yellow,God / Eternal,No Hair,61,DC Comics,-,bad,-99
Anti-Spawn,Male,-,-,-,-99,Image Comics,-,bad,-99
Anti-Venom,Male,blue,Symbiote,Blond,229,Marvel Comics,-,-,358
Apocalypse,Male,red,Mutant,Black,213,Marvel Comics,grey,bad,135
Aquababy,Male,blue,-,Blond,-99,DC Comics,-,good,-99
Aqualad,Male,blue,Atlantean,Black,178,DC Comics,-,good,106
Aquaman,Male,blue,Atlantean,Blond,185,DC Comics,-,good,146
Arachne,Female,blue,Human,Blond,175,Marvel Comics,-,good,63
Archangel,Male,blue,Mutant,Blond,183,Marvel Comics,blue,good,68
Arclight,Female,violet,-,Purple,173,Marvel Comics,-,bad,57
Ardina,Female,white,Alien,Orange,193,Marvel Comics,gold,good,98
Ares,Male,brown,-,Brown,185,Marvel Comics,-,good,270
Ariel,Female,purple,-,Pink,165,Marvel Comics,-,good,59
Armor,Female,black,-,Black,163,Marvel Comics,-,good,50
Arsenal,Male,-,Human,-,-99,DC Comics,-,good,-99
Astro Boy,Male,brown,-,Black,-99,,-,good,-99
Atlas,Male,brown,Mutant,Red,183,Marvel Comics,-,good,101
Atlas,Male,blue,God / Eternal,Brown,198,DC Comics,-,bad,126
Atom,Male,blue,-,Red,178,DC Comics,-,good,68
Atom,Male,-,-,-,-99,DC Comics,-,good,-99
Atom Girl,Female,black,-,Black,168,DC Comics,-,good,54
Atom II,Male,brown,Human,Auburn,183,DC Comics,-,good,81
Atom III,Male,-,-,Red,-99,DC Comics,-,good,-99
Atom IV,Male,brown,-,Black,-99,DC Comics,-,good,72
Aurora,Female,blue,Mutant,Black,180,Marvel Comics,-,good,63
Azazel,Male,yellow,Neyaphem,Black,183,Marvel Comics,red,bad,67
Azrael,Male,brown,Human,Black,-99,DC Comics,-,good,-99
Aztar,Male,-,-,-,-99,DC Comics,-,good,-99
Bane,Male,-,Human,-,203,DC Comics,-,bad,180
Banshee,Male,green,Human,Strawberry Blond,183,Marvel Comics,-,good,77
Bantam,Male,brown,-,Black,165,Marvel Comics,-,good,54
Batgirl,Female,-,-,-,-99,DC Comics,-,good,-99
Batgirl,Female,green,Human,Red,170,DC Comics,-,good,57
Batgirl III,Female,-,-,-,-99,DC Comics,-,good,-99
Batgirl IV,Female,green,Human,Black,165,DC Comics,-,good,52
Batgirl V,Female,-,-,-,-99,DC Comics,-,good,-99
Batgirl VI,Female,blue,-,Blond,168,DC Comics,-,good,61
Batman,Male,blue,Human,black,188,DC Comics,-,good,95
Batman,Male,blue,Human,Black,178,DC Comics,-,good,77
Batman II,Male,blue,Human,Black,178,DC Comics,-,good,79
Battlestar,Male,brown,-,Black,198,Marvel Comics,-,good,133
Batwoman V,Female,green,Human,Red,178,DC Comics,-,good,-99
Beak,Male,black,-,White,175,Marvel Comics,-,good,63
Beast,Male,blue,Mutant,Blue,180,Marvel Comics,blue,good,181
Beast Boy,Male,green,Human,Green,173,DC Comics,green,good,68
Beetle,Male,-,-,-,-99,Marvel Comics,-,bad,-99
Ben 10,Male,-,-,-,-99,DC Comics,-,good,-99
Beta Ray Bill,Male,-,-,No Hair,201,Marvel Comics,-,good,216
Beyonder,Male,-,God / Eternal,-,-99,Marvel Comics,-,good,-99
Big Barda,Female,blue,New God,Black,188,DC Comics,-,bad,135
Big Daddy,Male,-,-,-,-99,Icon Comics,-,good,-99
Big Man,Male,blue,-,Brown,165,Marvel Comics,-,bad,71
Bill Harken,Male,-,Alpha,-,-99,SyFy,-,good,-99
Billy Kincaid,Male,-,-,-,-99,Image Comics,-,bad,-99
Binary,Female,blue,-,Blond,180,Marvel Comics,-,good,54
Bionic Woman,Female,blue,Cyborg,Black,-99,,-,good,-99
Bird-Brain,-,-,-,-,-99,Marvel Comics,-,good,-99
Bird-Man,Male,-,Human,-,-99,Marvel Comics,-,bad,-99
Bird-Man II,Male,-,Human,-,-99,Marvel Comics,-,bad,-99
Birdman,Male,-,God / Eternal,-,-99,Hanna-Barbera,-,good,-99
Bishop,Male,brown,Mutant,No Hair,198,Marvel Comics,-,good,124
Bizarro,Male,black,Bizarro,Black,191,DC Comics,white,neutral,155
Black Abbott,Male,red,-,Black,-99,Marvel Comics,-,bad,-99
Black Adam,Male,brown,-,Black,191,DC Comics,-,bad,113
Black Bolt,Male,blue,Inhuman,Black,188,Marvel Comics,-,good,95
Black Canary,Female,blue,Human,Blond,165,DC Comics,-,good,58
Black Canary,Female,blue,Metahuman,Blond,170,DC Comics,-,good,59
Black Cat,Female,green,Human,Blond,178,Marvel Comics,-,good,54
Black Flash,Male,-,God / Eternal,-,-99,DC Comics,-,neutral,-99
Black Goliath,Male,-,-,-,-99,Marvel Comics,-,good,-99
Black Knight III,Male,brown,Human,Brown,183,Marvel Comics,-,good,86
Black Lightning,Male,brown,-,No Hair,185,DC Comics,-,good,90
Black Mamba,Female,green,-,Black,170,Marvel Comics,-,bad,52
Black Manta,Male,black,Human,No Hair,188,DC Comics,-,bad,92
Black Panther,Male,brown,Human,Black,183,Marvel Comics,-,good,90
Black Widow,Female,green,Human,Auburn,170,Marvel Comics,-,good,59
Black Widow II,Female,blue,-,Blond,170,Marvel Comics,-,good,61
Blackout,Male,red,Demon,White,191,Marvel Comics,white,bad,104
Blackwing,Male,blue,-,Black,185,Marvel Comics,-,bad,86
Blackwulf,Male,red,Alien,White,188,Marvel Comics,-,-,88
Blade,Male,brown,Vampire,Black,188,Marvel Comics,-,good,97
Blaquesmith,-,black,-,No Hair,-99,Marvel Comics,-,good,-99
Bling!,Female,-,-,-,168,Marvel Comics,-,good,68
Blink,Female,green,Mutant,Magenta,165,Marvel Comics,pink,good,56
Blizzard,Male,-,-,-,-99,Marvel Comics,-,bad,-99
Blizzard,Male,-,-,Brown,-99,Marvel Comics,-,bad,-99
Blizzard II,Male,brown,-,Brown,175,Marvel Comics,-,bad,77
Blob,Male,brown,-,Brown,178,Marvel Comics,-,bad,230
Bloodaxe,Female,blue,Human,Brown,218,Marvel Comics,-,bad,495
Bloodhawk,Male,black,Mutant,No Hair,-99,Marvel Comics,-,good,-99
Bloodwraith,Male,white,-,No Hair,30.5,Marvel Comics,-,bad,-99
Blue Beetle,Male,blue,-,Brown,-99,DC Comics,-,good,-99
Blue Beetle,Male,-,-,-,-99,DC Comics,-,good,-99
Blue Beetle II,Male,blue,-,Brown,183,DC Comics,-,good,86
Blue Beetle III,Male,brown,Human,Black,-99,DC Comics,-,good,-99
Boba Fett,Male,brown,Human / Clone,Black,183,George Lucas,-,bad,-99
Bolt,Male,-,-,-,-99,Marvel Comics,-,good,-99
Bomb Queen,Female,-,-,-,-99,Image Comics,-,bad,-99
Boom-Boom,Female,blue,Mutant,Blond,165,Marvel Comics,-,good,55
Boomer,Female,-,-,-,-99,Marvel Comics,-,good,-99
Booster Gold,Male,blue,Human,Blond,196,DC Comics,-,good,97
Box,Male,-,-,-,-99,Marvel Comics,-,good,-99
Box III,-,blue,-,Blond,193,Marvel Comics,-,good,110
Box IV,-,brown,-,Brown / Black,-99,Marvel Comics,-,good,-99
Brainiac,Male,green,Android,No Hair,198,DC Comics,green,bad,135
Brainiac 5,Male,green,-,Blond,170,DC Comics,-,good,61
Brother Voodoo,Male,brown,Human,Brown / White,183,Marvel Comics,-,good,99
Brundlefly,Male,-,Mutant,-,193,,-,-,-99
Buffy,Female,green,Human,Blond,157,Dark Horse Comics,-,good,52
Bullseye,Male,blue,Human,blond,183,Marvel Comics,-,bad,90
Bumblebee,Female,brown,Human,Black,170,DC Comics,-,good,59
Bumbleboy,Male,-,-,-,-99,Marvel Comics,-,good,-99
Bushido,Male,-,Human,-,-99,DC Comics,-,good,-99
Cable,Male,blue,Mutant,White,203,Marvel Comics,-,good,158
Callisto,Female,blue,-,Black,175,Marvel Comics,-,bad,74
Cameron Hicks,Male,-,Alpha,-,-99,SyFy,-,good,-99
Cannonball,Male,blue,-,Blond,183,Marvel Comics,-,good,81
Captain America,Male,blue,Human,blond,188,Marvel Comics,-,good,108
Captain Atom,Male,blue,Human / Radiation,Silver,193,DC Comics,silver,good,90
Captain Britain,Male,blue,Human,Blond,198,Marvel Comics,-,good,116
Captain Cold,Male,brown,Human,Brown,-99,DC Comics,-,neutral,-99
Captain Epic,Male,blue,-,Brown,188,Team Epic TV,-,good,-99
Captain Hindsight,Male,-,Human,Black,-99,South Park,-,good,-99
Captain Mar-vell,Male,blue,-,Blond,188,Marvel Comics,-,good,108
Captain Marvel,Female,blue,Human-Kree,Blond,180,Marvel Comics,-,good,74
Captain Marvel,Male,blue,Human,Black,193,DC Comics,-,good,101
Captain Marvel II,Male,blue,Human,Black,175,DC Comics,-,good,74
Captain Midnight,Male,-,Human,-,-99,Dark Horse Comics,-,good,-99
Captain Planet,Male,red,God / Eternal,Green,-99,Marvel Comics,-,good,-99
Captain Universe,-,-,God / Eternal,-,-99,Marvel Comics,-,good,-99
Carnage,Male,green,Symbiote,Red,185,Marvel Comics,-,bad,86
Cat,Female,blue,-,Blond,173,Marvel Comics,-,good,61
Cat II,Female,-,-,-,-99,Marvel Comics,-,good,-99
Catwoman,Female,green,Human,Black,175,DC Comics,-,good,61
Cecilia Reyes,-,brown,-,Brown,170,Marvel Comics,-,good,62
Century,Male,white,Alien,White,201,Marvel Comics,grey,good,97
Cerebra,Female,-,Mutant,-,-99,Marvel Comics,-,good,-99
Chamber,Male,brown,Mutant,Brown,175,Marvel Comics,-,good,63
Chameleon,Male,-,-,-,-99,DC Comics,-,bad,-99
Changeling,Male,brown,-,Black,180,Marvel Comics,-,bad,81
Cheetah,Female,green,Human,Blond,163,DC Comics,-,bad,50
Cheetah II,Female,green,Human,Brown,170,DC Comics,-,bad,55
Cheetah III,Female,brown,Human,Brown,175,DC Comics,-,bad,54
Chromos,Male,brown,-,Red / Grey,185,Team Epic TV,-,bad,86
Chuck Norris,Male,-,-,-,178,,-,good,-99
Citizen Steel,Male,green,Human,Red,183,DC Comics,-,good,170
Claire Bennet,Female,blue,-,Blond,-99,NBC - Heroes,-,good,-99
Clea,-,-,-,White,-99,Marvel Comics,-,good,-99
Cloak,Male,brown,-,black,226,Marvel Comics,-,good,70
Clock King,Male,blue,Human,Black,178,DC Comics,-,bad,78
Cogliostro,Male,-,-,-,-99,Image Comics,-,bad,-99
Colin Wagner,Male,grey,-,Brown,-99,HarperCollins,-,good,-99
Colossal Boy,Male,-,-,-,-99,DC Comics,-,good,-99
Colossus,Male,silver,Mutant,Black,226,Marvel Comics,-,good,225
Copycat,Female,red,Mutant,White,183,Marvel Comics,blue,neutral,67
Corsair,Male,brown,-,Brown,191,Marvel Comics,-,good,79
Cottonmouth,Male,brown,Human,Black,183,Marvel Comics,-,bad,99
Crimson Crusader,Male,blue,-,Strawberry Blond,-99,Marvel Comics,-,good,-99
Crimson Dynamo,Male,brown,-,No Hair,180,Marvel Comics,-,good,104
Crystal,Female,green,Inhuman,Red,168,Marvel Comics,-,good,50
Curse,Male,-,-,-,-99,Image Comics,-,bad,-99
Cy-Gor,Male,-,-,-,-99,Image Comics,-,bad,-99
Cyborg,Male,brown,Cyborg,Black,198,DC Comics,-,good,173
Cyborg Superman,Male,blue,Cyborg,Black,-99,DC Comics,-,bad,-99
Cyclops,Male,brown,Mutant,Brown,191,Marvel Comics,-,good,88
Cypher,-,blue,-,Blond,175,Marvel Comics,-,good,68
Dagger,Female,blue,-,Blond,165,Marvel Comics,-,good,52
Danny Cooper,Male,brown,-,Blond,-99,HarperCollins,-,good,-99
Daphne Powell,Female,-,-,-,-99,ABC Studios,-,good,-99
Daredevil,Male,blue,Human,Red,183,Marvel Comics,-,good,90
Darkhawk,Male,brown,Human,Brown,185,Marvel Comics,-,good,81
Darkman,Male,-,-,-,-99,Universal Studios,-,good,-99
Darkseid,Male,red,New God,No Hair,267,DC Comics,grey,bad,817
Darkside,-,-,-,-,-99,,-,bad,-99
Darkstar,Female,brown,Mutant,Blond,168,Marvel Comics,-,good,56
Darth Maul,Male,yellow / red,Dathomirian Zabrak,-,170,George Lucas,red / black,bad,-99
Darth Vader,Male,yellow,Cyborg,No Hair,198,George Lucas,-,bad,135
Dash,Male,blue,Human,Blond,122,Dark Horse Comics,-,good,27
Data,Male,yellow,Android,Brown,-99,Star Trek,-,good,-99
Dazzler,Female,blue,Mutant,Blond,173,Marvel Comics,-,good,52
Deadman,Male,blue,Human,Black,183,DC Comics,-,good,90
Deadpool,Male,brown,Mutant,No Hair,188,Marvel Comics,-,neutral,95
Deadshot,Male,brown,Human,Brown,185,DC Comics,-,bad,91
Deathlok,Male,brown,Cyborg,Grey,193,Marvel Comics,-,good,178
Deathstroke,Male,blue,Human,White,193,DC Comics,-,neutral,101
Demogoblin,Male,red,Demon,No Hair,185,Marvel Comics,-,bad,95
Destroyer,Male,-,-,-,188,Marvel Comics,-,bad,383
Diamondback,Male,brown,Human,Black,193,Marvel Comics,-,bad,90
DL Hawkins,Male,-,-,-,-99,NBC - Heroes,-,good,-99
Doc Samson,Male,blue,Human / Radiation,Green,198,Marvel Comics,-,good,171
Doctor Doom,Male,brown,Human,Brown,201,Marvel Comics,-,bad,187
Doctor Doom II,Male,brown,-,Brown,201,Marvel Comics,-,bad,132
Doctor Fate,Male,blue,Human,Blond,188,DC Comics,-,good,89
Doctor Octopus,Male,brown,Human,Brown,175,Marvel Comics,-,bad,110
Doctor Strange,Male,grey,Human,Black,188,Marvel Comics,-,good,81
Domino,Female,blue,Human,Black,173,Marvel Comics,white,good,54
Donatello,Male,green,Mutant,No Hair,-99,IDW Publishing,green,good,-99
Donna Troy,Female,blue,Amazon,Black,175,DC Comics,-,good,63
Doomsday,Male,red,Alien,White,244,DC Comics,-,bad,412
Doppelganger,Male,white,-,No Hair,196,Marvel Comics,-,bad,104
Dormammu,Male,yellow,-,No Hair,185,Marvel Comics,-,bad,-99
Dr Manhattan,Male,white,Human / Cosmic,No Hair,-99,DC Comics,blue,good,-99
Drax the Destroyer,Male,red,Human / Altered,No Hair,193,Marvel Comics,green,good,306
Ego,-,-,-,-,-99,Marvel Comics,-,bad,-99
Elastigirl,Female,brown,Human,Brown,168,Dark Horse Comics,-,good,56
Electro,Male,blue,Human,Auburn,180,Marvel Comics,-,bad,74
Elektra,Female,blue,Human,Black,175,Marvel Comics,-,good,59
Elle Bishop,Female,blue,-,Blond,-99,NBC - Heroes,-,bad,-99
Elongated Man,Male,blue,-,Red,185,DC Comics,-,good,80
Emma Frost,Female,blue,-,Blond,178,Marvel Comics,-,good,65
Enchantress,Female,blue,Human,Blond,168,DC Comics,-,good,57
Energy,Female,-,-,-,-99,HarperCollins,-,good,-99
ERG-1,Male,-,-,-,-99,DC Comics,-,good,-99
Ethan Hunt,Male,brown,Human,Brown,168,,-,good,-99
Etrigan,Male,red,Demon,No Hair,193,DC Comics,yellow,neutral,203
Evil Deadpool,Male,white,Mutant,Red,188,Marvel Comics,-,bad,95
Evilhawk,Male,red,Alien,Black,191,Marvel Comics,green,bad,106
Exodus,Male,blue,Mutant,Black,183,Marvel Comics,red,bad,88
Fabian Cortez,-,blue,-,Brown,196,Marvel Comics,-,bad,96
Falcon,Male,brown,Human,Black,188,Marvel Comics,-,good,108
Fallen One II,Male,black,-,Blue,-99,Marvel Comics,-,bad,-99
Faora,Female,-,Kryptonian,-,-99,DC Comics,-,bad,-99
Feral,-,yellow (without irises),-,Orange / White,175,Marvel Comics,-,good,50
Fighting Spirit,Female,-,-,Red,-99,DC Comics,-,good,-99
Fin Fang Foom,Male,red,Kakarantharaian,No Hair,975,Marvel Comics,green,good,18
Firebird,Female,brown,-,Black,165,Marvel Comics,-,good,56
Firelord,-,white,-,Yellow,193,Marvel Comics,-,good,99
Firestar,Female,green,Mutant,Red,173,Marvel Comics,-,good,56
Firestorm,Male,brown,-,Black,-99,DC Comics,-,good,-99
Firestorm,Male,blue,Human,Auburn,188,DC Comics,-,good,91
Fixer,-,red,-,No Hair,-99,Marvel Comics,-,bad,-99
Flash,Male,blue,Human,Brown / White,180,DC Comics,-,good,81
Flash Gordon,Male,-,-,-,-99,,-,good,-99
Flash II,Male,blue,Human,Blond,183,DC Comics,-,good,88
Flash III,Male,-,Human,-,183,DC Comics,-,good,86
Flash IV,Male,yellow,Human,Auburn,157,DC Comics,-,good,52
Forge,-,brown,-,Black,183,Marvel Comics,-,good,81
Franklin Richards,Male,blue,Mutant,Blond,142,Marvel Comics,-,good,45
Franklin Storm,-,blue,-,Grey,188,Marvel Comics,-,good,92
Frenzy,Female,brown,-,Black,211,Marvel Comics,-,bad,104
Frigga,Female,blue,-,White,180,Marvel Comics,-,good,167
Galactus,Male,black,Cosmic Entity,Black,876,Marvel Comics,-,neutral,16
Gambit,Male,red,Mutant,Brown,185,Marvel Comics,-,good,81
Gamora,Female,yellow,Zen-Whoberian,Black,183,Marvel Comics,green,good,77
Garbage Man,Male,-,Mutant,-,-99,DC Comics,-,good,-99
Gary Bell,Male,-,Alpha,-,-99,SyFy,-,good,-99
General Zod,Male,black,Kryptonian,Black,-99,DC Comics,-,bad,-99
Genesis,Male,blue,-,Blond,185,Marvel Comics,-,good,86
Ghost Rider,Male,red,Demon,No Hair,188,Marvel Comics,-,good,99
Ghost Rider II,-,-,-,-,-99,Marvel Comics,-,good,-99
Giant-Man,Male,-,Human,-,-99,Marvel Comics,-,good,-99
Giant-Man II,Male,-,-,-,-99,Marvel Comics,-,good,-99
Giganta,Female,green,-,Red,62.5,DC Comics,-,bad,630
Gladiator,Male,blue,Strontian,Blue,198,Marvel Comics,purple,neutral,268
Goblin Queen,Female,green,-,Red,168,Marvel Comics,-,bad,50
Godzilla,-,-,Kaiju,-,108,,grey,bad,
Gog,Male,-,-,-,-99,DC Comics,-,bad,-99
Goku,Male,-,Saiyan,-,175,Shueisha,-,good,62
Goliath,Male,-,-,-,-99,Marvel Comics,-,good,-99
Goliath,Male,-,Human,-,-99,Marvel Comics,-,good,-99
Goliath,Male,-,Human,-,-99,Marvel Comics,-,good,-99
Goliath IV,Male,brown,-,Black,183,Marvel Comics,-,good,90
Gorilla Grodd,Male,yellow,Gorilla,Black,198,DC Comics,-,bad,270
Granny Goodness,Female,blue,-,White,178,DC Comics,-,bad,115
Gravity,Male,blue,Human,Brown,178,Marvel Comics,-,good,79
Greedo,Male,purple,Rodian,-,170,George Lucas,green,bad,-99
Green Arrow,Male,green,Human,Blond,188,DC Comics,-,good,88
Green Goblin,Male,blue,Human,Auburn,180,Marvel Comics,-,bad,83
Green Goblin II,Male,blue,-,Auburn,178,Marvel Comics,-,bad,77
Green Goblin III,Male,-,-,-,183,Marvel Comics,-,good,88
Green Goblin IV,Male,green,-,Brown,178,Marvel Comics,-,good,79
Groot,Male,yellow,Flora Colossus,-,701,Marvel Comics,-,good,4
Guardian,Male,brown,Human,Black,-99,Marvel Comics,-,good,-99
Guy Gardner,Male,blue,Human-Vuldarian,Red,188,DC Comics,-,good,95
Hal Jordan,Male,brown,Human,Brown,188,DC Comics,-,good,90
Han Solo,Male,brown,Human,Brown,183,George Lucas,-,good,79
Hancock,Male,brown,Human,Black,188,Sony Pictures,-,good,-99
Harley Quinn,Female,blue,Human,Blond,170,DC Comics,-,bad,63
Harry Potter,Male,green,Human,Black,-99,J. K. Rowling,-,good,-99
Havok,Male,blue,Mutant,Blond,183,Marvel Comics,-,good,79
Hawk,Male,red,-,Brown,185,DC Comics,-,good,89
Hawkeye,Male,blue,Human,Blond,191,Marvel Comics,-,good,104
Hawkeye II,Female,blue,Human,Black,165,Marvel Comics,-,good,57
Hawkgirl,Female,green,-,Red,175,DC Comics,-,good,61
Hawkman,Male,blue,-,Brown,185,DC Comics,-,good,88
Hawkwoman,Female,green,-,Red,175,DC Comics,-,good,54
Hawkwoman II,Female,-,-,-,-99,DC Comics,-,good,-99
Hawkwoman III,Female,blue,-,Red,170,DC Comics,-,good,65
Heat Wave,Male,blue,Human,No Hair,180,DC Comics,-,bad,81
Hela,Female,green,Asgardian,Black,213,Marvel Comics,-,bad,225
Hellboy,Male,gold,Demon,Black,259,Dark Horse Comics,-,good,158
Hellcat,Female,blue,Human,Red,173,Marvel Comics,-,good,61
Hellstorm,Male,red,-,Red,185,Marvel Comics,-,good,81
Hercules,Male,blue,Demi-God,Brown,196,Marvel Comics,-,good,146
Hiro Nakamura,Male,-,-,-,-99,NBC - Heroes,-,good,-99
Hit-Girl,Female,-,Human,-,-99,Icon Comics,-,good,-99
Hobgoblin,Male,blue,-,Grey,180,Marvel Comics,-,bad,83
Hollow,Female,blue,-,Red,170,Marvel Comics,-,good,-99
Hope Summers,Female,green,-,Red,168,Marvel Comics,-,good,48
Howard the Duck,Male,brown,-,Yellow,79,Marvel Comics,-,good,18
Hulk,Male,green,Human / Radiation,Green,244,Marvel Comics,green,good,630
Human Torch,Male,blue,Human / Radiation,Blond,178,Marvel Comics,-,good,77
Huntress,Female,blue,-,Black,180,DC Comics,-,good,59
Husk,Female,blue,Mutant,Blond,170,Marvel Comics,-,good,58
Hybrid,Male,brown,Symbiote,Black,175,Marvel Comics,-,good,77
Hydro-Man,Male,brown,-,Brown,188,Marvel Comics,-,bad,119
Hyperion,Male,blue,Eternal,Red,183,Marvel Comics,-,good,207
Iceman,Male,brown,Mutant,Brown,173,Marvel Comics,-,good,65
Impulse,Male,yellow,Human,Auburn,170,DC Comics,-,good,65
Indiana Jones,Male,-,Human,-,183,George Lucas,-,good,79
Indigo,Female,-,Alien,Purple,-99,DC Comics,-,neutral,-99
Ink,Male,blue,Mutant,No Hair,180,Marvel Comics,-,good,81
Invisible Woman,Female,blue,Human / Radiation,Blond,168,Marvel Comics,-,good,54
Iron Fist,Male,blue,Human,Blond,180,Marvel Comics,-,good,79
Iron Man,Male,blue,Human,Black,198,Marvel Comics,-,good,191
Iron Monger,Male,blue,-,No Hair,-99,Marvel Comics,-,bad,2
Isis,Female,-,-,-,-99,DC Comics,-,good,-99
Jack Bauer,Male,-,-,-,-99,,-,good,-99
Jack of Hearts,Male,blue / white,Human,Brown,155,Marvel Comics,-,good,79
Jack-Jack,Male,blue,Human,Brown,71,Dark Horse Comics,-,good,14
James Bond,Male,blue,Human,Blond,183,Titan Books,-,good,-99
James T. Kirk,Male,hazel,Human,Brown,178,Star Trek,-,good,77
Jar Jar Binks,Male,yellow,Gungan,-,193,George Lucas,orange / white,good,-99
Jason Bourne,Male,-,Human,-,-99,,-,good,-99
Jean Grey,Female,green,Mutant,Red,168,Marvel Comics,-,good,52
Jean-Luc Picard,Male,-,Human,-,-99,Star Trek,-,good,-99
Jennifer Kale,Female,blue,-,Blond,168,Marvel Comics,-,good,55
Jesse Quick,Female,-,Human,-,-99,DC Comics,-,good,-99
Jessica Cruz,Female,green,Human,Brown,-99,DC Comics,-,good,-99
Jessica Jones,Female,brown,Human,Brown,170,Marvel Comics,-,good,56
Jessica Sanders,Female,-,-,-,-99,NBC - Heroes,-,good,-99
Jigsaw,Male,blue,-,Black,188,Marvel Comics,-,bad,113
Jim Powell,Male,-,-,-,-99,ABC Studios,-,good,-99
JJ Powell,Male,-,-,-,-99,ABC Studios,-,good,-99
Johann Krauss,Male,-,-,-,-99,Dark Horse Comics,-,good,-99
John Constantine,Male,blue,Human,Blond,183,DC Comics,-,good,-99
John Stewart,Male,green,Human,Black,185,DC Comics,-,good,90
John Wraith,Male,brown,-,Black,183,Marvel Comics,-,good,88
Joker,Male,green,Human,Green,196,DC Comics,white,bad,86
Jolt,Female,blue,-,Black,165,Marvel Comics,-,good,49
Jubilee,Female,red,Mutant,Black,165,Marvel Comics,-,good,52
Judge Dredd,Male,-,Human,-,188,Rebellion,-,good,-99
Juggernaut,Male,blue,Human,Red,287,Marvel Comics,-,neutral,855
Junkpile,Male,-,Mutant,-,-99,Marvel Comics,-,bad,-99
Justice,Male,hazel,Human,Brown,178,Marvel Comics,-,good,81
Jyn Erso,Female,green,Human,Brown,-99,George Lucas,-,good,-99
K-2SO,Male,white,Android,No Hair,213,George Lucas,gray,good,-99
Kang,Male,brown,-,Brown,191,Marvel Comics,-,bad,104
Karate Kid,Male,brown,Human,Brown,173,DC Comics,-,good,72
Kathryn Janeway,Female,-,Human,-,-99,Star Trek,-,good,-99
Katniss Everdeen,Female,-,Human,-,-99,,-,good,-99
Kevin 11,Male,-,Human,Black,-99,DC Comics,-,good,-99
Kick-Ass,Male,blue,Human,Blond,-99,Icon Comics,-,good,-99
Kid Flash,Male,green,Human,Red,-99,DC Comics,-,good,-99
Kid Flash II,Male,-,-,-,-99,DC Comics,-,good,-99
Killer Croc,Male,red,Metahuman,No Hair,244,DC Comics,green,bad,356
Killer Frost,Female,blue,Human,Blond,-99,DC Comics,blue,bad,-99
Kilowog,Male,red,Bolovaxian,No Hair,234,DC Comics,pink,good,324
King Kong,Male,yellow,Animal,Black,30.5,,-,good,
King Shark,Male,black,Animal,No Hair,-99,DC Comics,-,bad,-99
Kingpin,Male,blue,Human,No Hair,201,Marvel Comics,-,bad,203
Klaw,Male,red,Human,No Hair,188,Marvel Comics,red,bad,97
Kool-Aid Man,Male,black,-,No Hair,-99,,red,good,-99
Kraven II,Male,brown,Human,Black,191,Marvel Comics,-,bad,99
Kraven the Hunter,Male,brown,Human,Black,183,Marvel Comics,-,bad,106
Krypto,Male,blue,Kryptonian,White,64,DC Comics,-,good,18
Kyle Rayner,Male,green,Human,Black,180,DC Comics,-,good,79
Kylo Ren,Male,-,Human,-,-99,George Lucas,-,bad,-99
Lady Bullseye,Female,-,-,Black,-99,Marvel Comics,-,bad,-99
Lady Deathstrike,Female,brown,Cyborg,Black,175,Marvel Comics,-,bad,58
Leader,Male,green,-,No Hair,178,Marvel Comics,-,bad,63
Leech,Male,-,-,-,-99,Marvel Comics,-,good,-99
Legion,Male,green / blue,Mutant,Black,175,Marvel Comics,-,good,59
Leonardo,Male,blue,Mutant,No Hair,-99,IDW Publishing,green,good,-99
Lex Luthor,Male,green,Human,No Hair,188,DC Comics,-,bad,95
Light Lass,Female,blue,-,Red,165,DC Comics,-,good,54
Lightning Lad,Male,blue,-,Red,155,DC Comics,-,good,65
Lightning Lord,Male,blue,-,Red,191,DC Comics,-,bad,95
Living Brain,-,yellow,-,-,198,Marvel Comics,-,bad,360
Living Tribunal,-,blue,Cosmic Entity,No Hair,-99,Marvel Comics,gold,neutral,-99
Liz Sherman,Female,-,-,-,-99,Dark Horse Comics,-,good,-99
Lizard,Male,red,Human,No Hair,203,Marvel Comics,-,bad,230
Lobo,Male,red,Czarnian,Black,229,DC Comics,blue-white,neutral,288
Loki,Male,green,Asgardian,Black,193,Marvel Comics,-,bad,236
Longshot,Male,blue,Human,Blond,188,Marvel Comics,-,good,36
Luke Cage,Male,brown,Human,Black,198,Marvel Comics,-,good,191
Luke Campbell,Male,-,-,-,-99,NBC - Heroes,-,bad,-99
Luke Skywalker,Male,blue,Human,Blond,168,George Lucas,-,good,77
Luna,Female,-,Human,-,-99,Marvel Comics,-,good,-99
Lyja,Female,green,-,Green,-99,Marvel Comics,-,good,-99
Mach-IV,Male,brown,-,Brown,180,Marvel Comics,-,bad,79
Machine Man,-,red,-,Black,183,Marvel Comics,-,good,383
Magneto,Male,grey,Mutant,White,188,Marvel Comics,-,bad,86
Magog,Male,blue,-,Blond,-99,DC Comics,-,good,-99
Magus,Male,black,-,-,183,Marvel Comics,-,bad,-99
Man of Miracles,-,blue,God / Eternal,Silver,-99,Image Comics,-,-,-99
Man-Bat,Male,brown,Human,Brown,-99,DC Comics,-,neutral,-99
Man-Thing,Male,red,-,No Hair,213,Marvel Comics,green,good,225
Man-Wolf,Male,brown,-,Auburn,188,Marvel Comics,-,good,90
Mandarin,Male,blue,Human,White,188,Marvel Comics,-,bad,97
Mantis,Female,green,Human-Kree,Black,168,Marvel Comics,green,good,52
Martian Manhunter,Male,red,Martian,No Hair,201,DC Comics,green,good,135
Marvel Girl,Female,green,-,Red,170,Marvel Comics,-,good,56
Master Brood,Male,blue,-,Black,183,Team Epic TV,-,good,81
Master Chief,Male,brown,Human / Altered,Brown,213,Microsoft,-,good,-99
Match,Male,black,-,Black,-99,DC Comics,-,bad,-99
Matt Parkman,Male,-,-,-,-99,NBC - Heroes,-,good,-99
Maverick,Male,blue,-,Black,193,Marvel Comics,-,good,110
Maxima,Female,brown,-,Red,180,DC Comics,-,bad,72
Maya Herrera,Female,-,-,-,-99,NBC - Heroes,-,good,-99
Medusa,Female,green,Inhuman,Red,180,Marvel Comics,-,good,59
Meltdown,Female,blue,-,Blond,165,Marvel Comics,-,good,54
Mephisto,Male,white,-,Black,198,Marvel Comics,-,bad,140
Mera,Female,blue,Atlantean,Red,175,DC Comics,-,good,72
Metallo,Male,green,Android,Brown,196,DC Comics,-,bad,90
Metamorpho,Male,black,-,No Hair,185,DC Comics,-,good,90
Meteorite,Female,-,-,-,-99,Marvel Comics,-,good,-99
Metron,Male,blue,-,Black,185,DC Comics,-,good,86
Micah Sanders,Male,brown,-,Black,-99,NBC - Heroes,-,good,-99
Michelangelo,Male,blue,Mutant,-,-99,IDW Publishing,green,good,-99
Micro Lad,Male,grey,-,Brown,183,DC Comics,-,good,77
Mimic,Male,brown,-,Brown,188,Marvel Comics,-,good,101
Minna Murray,Female,-,-,-,-99,Wildstorm,-,good,-99
Misfit,Female,blue,-,Red,-99,DC Comics,-,good,-99
Miss Martian,Female,red,-,Red,178,DC Comics,-,good,61
Mister Fantastic,Male,brown,Human / Radiation,Brown,185,Marvel Comics,-,good,81
Mister Freeze,Male,-,Human,-,183,DC Comics,-,bad,86
Mister Knife,Male,blue,Spartoi,Brown,-99,Marvel Comics,-,bad,-99
Mister Mxyzptlk,Male,-,God / Eternal,-,-99,DC Comics,-,bad,-99
Mister Sinister,Male,red,Human / Altered,Black,196,Marvel Comics,-,bad,128
Mister Zsasz,Male,blue,Human,Blond,-99,DC Comics,-,bad,-99
Mockingbird,Female,blue,Human,Blond,175,Marvel Comics,-,good,61
MODOK,Male,white,Cyborg,Brownn,366,Marvel Comics,-,bad,338
Mogo,Male,-,Planet,-,-99,DC Comics,-,good,-99
Mohinder Suresh,Male,-,-,-,-99,NBC - Heroes,-,good,-99
Moloch,Male,-,-,-,-99,DC Comics,-,bad,-99
Molten Man,Male,gold,-,Gold,196,Marvel Comics,-,bad,248
Monarch,Male,blue,-,White,193,DC Comics,-,good,90
Monica Dawson,Female,-,-,-,-99,NBC - Heroes,-,good,-99
Moon Knight,Male,brown,Human,Brown,188,Marvel Comics,-,good,101
Moonstone,Female,blue,-,Blond,180,Marvel Comics,-,bad,59
Morlun,Male,white / red,-,Black,188,Marvel Comics,-,bad,79
Morph,Male,white,-,No Hair,178,Marvel Comics,-,good,79
Moses Magnum,Male,brown,-,Black,175,Marvel Comics,-,bad,72
Mr Immortal,Male,blue,Mutant,Blond,188,Marvel Comics,-,good,70
Mr Incredible,Male,blue,Human,Blond,201,Dark Horse Comics,-,good,158
Ms Marvel II,Female,blue,-,Red,173,Marvel Comics,-,good,61
Multiple Man,Male,blue,-,Brown,180,Marvel Comics,-,good,70
Mysterio,Male,brown,Human,No Hair,180,Marvel Comics,-,bad,79
Mystique,Female,yellow (without irises),Mutant,Red / Orange,178,Marvel Comics,blue,bad,54
Namor,Male,-,-,-,-99,Marvel Comics,-,good,-99
Namor,Male,grey,Atlantean,Black,188,Marvel Comics,-,good,125
Namora,Female,blue,-,Blond,180,Marvel Comics,-,good,85
Namorita,Female,blue,-,Blond,168,Marvel Comics,-,good,101
Naruto Uzumaki,Male,-,Human,-,168,Shueisha,-,good,54
Nathan Petrelli,Male,brown,-,-,-99,NBC - Heroes,-,good,-99
Nebula,Female,blue,Luphomoid,No Hair,185,Marvel Comics,blue,bad,83
Negasonic Teenage Warhead,Female,black,Mutant,Black,-99,Marvel Comics,-,good,-99
Nick Fury,Male,brown,Human,Brown / White,185,Marvel Comics,-,good,99
Nightcrawler,Male,yellow,-,Indigo,175,Marvel Comics,-,good,88
Nightwing,Male,blue,Human,Black,178,DC Comics,-,good,79
Niki Sanders,Female,blue,-,Blond,-99,NBC - Heroes,-,good,-99
Nina Theroux,Female,-,Alpha,-,-99,SyFy,-,good,-99
Nite Owl II,Male,-,-,-,-99,DC Comics,-,good,-99
Northstar,Male,blue,-,Black,180,Marvel Comics,-,good,83
Nova,Male,brown,Human,Brown,185,Marvel Comics,-,good,86
Nova,Female,white,Human / Cosmic,Red,163,Marvel Comics,gold,good,59
Odin,Male,blue,God / Eternal,White,206,Marvel Comics,-,good,293
Offspring,Male,-,-,-,-99,DC Comics,-,good,-99
Omega Red,Male,red,-,Blond,211,Marvel Comics,-,bad,191
Omniscient,Male,brown,-,Black,180,Team Epic TV,-,good,65
One Punch Man,Male,-,Human,No Hair,175,Shueisha,-,good,69
One-Above-All,-,-,Cosmic Entity,-,-99,Marvel Comics,-,neutral,-99
Onslaught,Male,red,Mutant,No Hair,305,Marvel Comics,-,bad,405
Oracle,Female,blue,Human,Red,178,DC Comics,-,good,59
Osiris,Male,brown,-,Brown,-99,DC Comics,-,good,-99
Overtkill,Male,-,-,-,-99,Image Comics,-,bad,-99
Ozymandias,Male,blue,Human,Blond,-99,DC Comics,-,bad,-99
Parademon,-,-,Parademon,-,-99,DC Comics,-,bad,-99
Paul Blart,Male,-,Human,-,170,Sony Pictures,-,good,117
Penance,-,-,-,-,-99,Marvel Comics,-,good,-99
Penance I,Female,-,-,-,-99,Marvel Comics,-,good,-99
Penance II,Male,blue,-,Blond,183,Marvel Comics,-,good,89
Penguin,Male,blue,Human,Black,157,DC Comics,-,bad,79
Peter Petrelli,Male,-,-,-,-99,NBC - Heroes,-,good,-99
Phantom,Male,-,-,-,-99,DC Comics,-,good,-99
Phantom Girl,Female,blue,-,Black,168,DC Comics,-,good,54
Phoenix,Female,green,Mutant,Red,168,Marvel Comics,-,good,52
Plantman,Male,green,Mutant,Grey,183,Marvel Comics,-,bad,87
Plastic Lad,Male,-,-,-,-99,DC Comics,-,good,-99
Plastic Man,Male,blue,Human,Black,185,DC Comics,-,good,80
Plastique,Female,blue,-,Red,168,DC Comics,-,bad,55
Poison Ivy,Female,green,Human,Red,168,DC Comics,green,bad,50
Polaris,Female,green,Mutant,Green,170,Marvel Comics,-,good,52
Power Girl,Female,blue,Kryptonian,blond,180,DC Comics,-,good,81
Power Man,Male,-,Mutant,-,-99,Marvel Comics,-,good,-99
Predator,Male,-,Yautja,-,213,Dark Horse Comics,-,bad,234
Professor X,Male,blue,Mutant,No Hair,183,Marvel Comics,-,good,86
Professor Zoom,Male,blue,Human,Strawberry Blond,180,DC Comics,-,bad,81
Proto-Goblin,Male,green,-,Blond,-99,Marvel Comics,-,bad,-99
Psylocke,Female,blue,Mutant,Purple,180,Marvel Comics,-,good,70
Punisher,Male,blue,Human,Black,183,Marvel Comics,-,good,90
Purple Man,Male,purple,Human,Purple,180,Marvel Comics,purple,bad,74
Pyro,Male,blue,-,Blond,178,Marvel Comics,-,bad,68
Q,Male,-,God / Eternal,-,-99,Star Trek,-,-,-99
Quantum,Male,-,-,-,-99,HarperCollins,-,good,-99
Question,Male,blue,Human,Blond,188,DC Comics,-,good,83
Quicksilver,Male,blue,Mutant,Silver,183,Marvel Comics,-,good,79
Quill,Male,brown,-,Brown,163,Marvel Comics,-,good,56
Ra's Al Ghul,Male,green,Human,Grey,193,DC Comics,-,bad,97
Rachel Pirzad,Female,-,Alpha,-,-99,SyFy,-,good,-99
Rambo,Male,brown,Human,Black,178,,-,good,83
Raphael,Male,-,Mutant,No Hair,-99,IDW Publishing,green,good,-99
Raven,Female,indigo,Human,Black,165,DC Comics,-,neutral,50
Ray,Male,green,Human,Red,178,DC Comics,-,good,70
Razor-Fist II,Male,blue,-,No Hair,191,Marvel Comics,-,bad,117
Red Arrow,Male,green,Human,Red,180,DC Comics,-,good,83
Red Hood,Male,blue,Human,Black,183,DC Comics,-,neutral,81
Red Hulk,Male,yellow,Human / Radiation,Black,213,Marvel Comics,red,neutral,630
Red Mist,Male,-,-,-,-99,Icon Comics,-,bad,-99
Red Robin,Male,blue,Human,Black,165,DC Comics,-,good,56
Red Skull,Male,blue,-,No Hair,188,Marvel Comics,-,bad,108
Red Tornado,Male,green,Android,No Hair,185,DC Comics,-,good,146
Redeemer II,Male,-,-,-,-99,Image Comics,-,bad,-99
Redeemer III,Male,-,-,-,-99,Image Comics,-,bad,-99
Renata Soliz,Female,-,-,-,-99,HarperCollins,-,good,-99
Rey,Female,hazel,Human,Brown,297,George Lucas,-,good,-99
Rhino,Male,brown,Human / Radiation,Brown,196,Marvel Comics,-,bad,320
Rick Flag,Male,blue,-,Brown,185,DC Comics,-,bad,85
Riddler,Male,-,-,-,-99,DC Comics,-,bad,-99
Rip Hunter,Male,blue,Human,Blond,-99,DC Comics,-,good,-99
Ripcord,Female,green,-,Black,180,Marvel Comics,-,good,72
Robin,Male,blue,Human,Black,178,DC Comics,-,good,79
Robin II,Male,blue,Human,Red,183,DC Comics,-,good,101
Robin III,Male,blue,Human,Black,165,DC Comics,-,good,56
Robin V,Male,blue,Human,Black,137,DC Comics,-,good,38
Robin VI,Female,green,Human,Red,-99,DC Comics,-,neutral,-99
Rocket Raccoon,Male,brown,Animal,Brown,122,Marvel Comics,-,good,25
Rogue,Female,green,-,Brown / White,173,Marvel Comics,-,good,54
Ronin,Male,blue,Human,Blond,191,Marvel Comics,-,good,104
Rorschach,Male,blue,Human,Red,168,DC Comics,-,good,63
Sabretooth,Male,amber,Mutant,Blond,198,Marvel Comics,-,bad,171
Sage,Female,blue,-,Black,170,Marvel Comics,-,good,61
Sandman,Male,brown,Human,Brown,185,Marvel Comics,-,neutral,203
Sasquatch,Male,red,-,Orange,305,Marvel Comics,-,good,900
Sauron,Male,-,Maiar,-,279,J. R. R. Tolkien,-,bad,-99
Savage Dragon,Male,-,-,-,-99,Image Comics,-,good,-99
Scarecrow,Male,blue,Human,Brown,183,DC Comics,-,bad,63
Scarlet Spider,Male,blue,Human,Blond,178,Marvel Comics,-,good,74
Scarlet Spider II,Male,brown,Clone,Brown,193,Marvel Comics,-,good,113
Scarlet Witch,Female,blue,Mutant,Brown,170,Marvel Comics,-,bad,59
Scorpia,Female,green,-,Red,-99,Marvel Comics,-,bad,-99
Scorpion,Male,brown,Human,Brown,211,Marvel Comics,-,bad,310
Sebastian Shaw,Male,-,Mutant,-,-99,Marvel Comics,-,bad,-99
Sentry,Male,blue,Mutant,Blond,188,Marvel Comics,-,neutral,87
Shadow King,-,red,-,-,185,Marvel Comics,-,good,149
Shadow Lass,Female,black,Talokite,Black,173,DC Comics,blue,good,54
Shadowcat,Female,hazel,Mutant,Brown,168,Marvel Comics,-,good,50
Shang-Chi,Male,brown,Human,Black,178,Marvel Comics,-,good,79
Shatterstar,Male,brown,-,Red,191,Marvel Comics,-,good,88
She-Hulk,Female,green,Human,Green,201,Marvel Comics,-,good,315
She-Thing,Female,blue,Human / Radiation,No Hair,183,Marvel Comics,-,good,153
Shocker,Male,brown,Human,Brown,175,Marvel Comics,-,bad,79
Shriek,Female,yellow / blue,-,Black,173,Marvel Comics,-,good,52
Shrinking Violet,Female,-,-,-,-99,DC Comics,-,good,-99
Sif,Female,blue,Asgardian,Black,188,Marvel Comics,-,good,191
Silk,Female,brown,Human,Black,-99,Marvel Comics,-,good,-99
Silk Spectre,Female,-,-,-,-99,DC Comics,-,good,-99
Silk Spectre II,Female,-,-,-,-99,DC Comics,-,good,-99
Silver Surfer,Male,white,Alien,No Hair,193,Marvel Comics,silver,good,101
Silverclaw,Female,brown,-,Black,157,Marvel Comics,-,good,50
Simon Baz,Male,bown,Human,Black,-99,DC Comics,-,good,-99
Sinestro,Male,black,Korugaran,Black,201,DC Comics,red,neutral,92
Siren,Female,blue,Atlantean,Purple,175,DC Comics,-,bad,72
Siren II,Female,black,-,-,-99,DC Comics,-,bad,-99
Siryn,Female,blue,-,Strawberry Blond,168,Marvel Comics,-,bad,52
Skaar,Male,green,-,Black,198,Marvel Comics,-,good,180
Snake-Eyes,Male,-,Animal,-,-99,Marvel Comics,-,bad,-99
Snowbird,Female,white,-,Blond,178,Marvel Comics,-,good,49
Sobek,Male,white,-,No Hair,-99,DC Comics,-,good,-99
Solomon Grundy,Male,black,Zombie,White,279,DC Comics,-,bad,437
Songbird,Female,green,-,Red / White,165,Marvel Comics,-,good,65
Space Ghost,Male,-,Human,-,188,DC Comics,-,good,113
Spawn,Male,brown,Demon,Black,211,Image Comics,-,good,405
Spectre,Male,white,God / Eternal,No Hair,-99,DC Comics,white,good,-99
Speedball,Male,-,-,-,-99,Marvel Comics,-,good,-99
Speedy,Male,-,Human,-,-99,DC Comics,-,good,-99
Speedy,Female,green,Human,Brown,-99,DC Comics,-,good,-99
Spider-Carnage,Male,-,Symbiote,-,-99,Marvel Comics,-,bad,-99
Spider-Girl,Female,blue,Human,Brown,170,Marvel Comics,-,good,54
Spider-Gwen,Female,blue,Human,Blond,165,Marvel Comics,-,good,56
Spider-Man,Male,hazel,Human,Brown,178,Marvel Comics,-,good,74
Spider-Man,-,red,Human,Brown,178,Marvel Comics,-,good,77
Spider-Man,Male,brown,Human,Black,157,Marvel Comics,-,good,56
Spider-Woman,Female,green,Human,Black,178,Marvel Comics,-,good,59
Spider-Woman II,Female,-,-,-,-99,Marvel Comics,-,good,-99
Spider-Woman III,Female,brown,-,Brown,173,Marvel Comics,-,good,55
Spider-Woman IV,Female,red,-,White,178,Marvel Comics,-,bad,58
Spock,Male,brown,Human-Vulcan,Black,185,Star Trek,-,good,81
Spyke,Male,brown,Mutant,Blond,183,Marvel Comics,-,good,83
Stacy X,Female,-,-,-,-99,Marvel Comics,-,good,-99
Star-Lord,Male,blue,Human-Spartoi,Blond,188,Marvel Comics,-,good,79
Stardust,Male,-,-,-,-99,Marvel Comics,-,good,-99
Starfire,Female,green,Tamaranean,Auburn,193,DC Comics,orange,good,71
Stargirl,Female,blue,Human,Blond,165,DC Comics,-,good,62
Static,Male,brown,Mutant,Black,170,DC Comics,-,good,63
Steel,Male,brown,-,No Hair,201,DC Comics,-,good,131
Stephanie Powell,Female,-,-,Blond,-99,ABC Studios,-,good,-99
Steppenwolf,Male,red,New God,Black,183,DC Comics,white,bad,91
Storm,Female,blue,Mutant,White,180,Marvel Comics,-,good,57
Stormtrooper,Male,-,Human,-,183,George Lucas,-,bad,-99
Sunspot,Male,brown,Mutant,black,173,Marvel Comics,-,good,77
Superboy,Male,blue,-,Black,170,DC Comics,-,good,68
Superboy-Prime,Male,blue,Kryptonian,Black / Blue,180,DC Comics,-,bad,77
Supergirl,Female,blue,Kryptonian,Blond,165,DC Comics,-,good,54
Superman,Male,blue,Kryptonian,Black,191,DC Comics,-,good,101
Swamp Thing,Male,red,God / Eternal,No Hair,-99,DC Comics,green,bad,-99
Swarm,Male,yellow,Mutant,No Hair,196,Marvel Comics,yellow,bad,47
Sylar,Male,-,-,-,-99,NBC - Heroes,-,bad,-99
Synch,Male,brown,-,Black,180,Marvel Comics,-,good,74
T-1000,Male,-,Android,-,183,Dark Horse Comics,silver,bad,146
T-800,Male,red,Cyborg,-,-99,Dark Horse Comics,-,bad,176
T-850,Male,red,Cyborg,-,-99,Dark Horse Comics,-,bad,198
T-X,Female,-,Cyborg,-,-99,Dark Horse Comics,silver,bad,149
Taskmaster,Male,brown,Human,Brown,188,Marvel Comics,-,bad,99
Tempest,Female,brown,-,Black,163,Marvel Comics,-,good,54
Thanos,Male,red,Eternal,No Hair,201,Marvel Comics,purple,bad,443
The Cape,Male,-,-,-,-99,,-,good,-99
The Comedian,Male,brown,Human,Black,188,DC Comics,-,neutral,101
Thing,Male,blue,Human / Radiation,No Hair,183,Marvel Comics,-,good,225
Thor,Male,blue,Asgardian,Blond,198,Marvel Comics,-,good,288
Thor Girl,Female,blue,Asgardian,Blond,175,Marvel Comics,-,good,143
Thunderbird,Male,brown,-,Black,185,Marvel Comics,-,good,101
Thunderbird II,Male,-,-,-,-99,Marvel Comics,-,good,-99
Thunderbird III,Male,brown,-,Black,175,Marvel Comics,-,good,74
Thunderstrike,Male,blue,-,Blond,198,Marvel Comics,-,good,288
Thundra,Female,green,-,Red,218,Marvel Comics,-,good,158
Tiger Shark,Male,grey,Human,No Hair,185,Marvel Comics,grey,bad,203
Tigra,Female,green,-,Auburn,178,Marvel Comics,-,good,81
Tinkerer,Male,brown,-,White,163,Marvel Comics,-,bad,54
Titan,Male,-,-,-,-99,HarperCollins,-,good,-99
Toad,Male,black,Mutant,Brown,175,Marvel Comics,green,neutral,76
Toxin,Male,blue,Symbiote,Brown,188,Marvel Comics,-,good,97
Toxin,Male,black,Symbiote,Blond,191,Marvel Comics,-,good,117
Tracy Strauss,Female,-,-,-,-99,NBC - Heroes,-,good,-99
Trickster,Male,blue,Human,Blond,183,DC Comics,-,-,81
Trigon,Male,yellow,God / Eternal,Black,-99,DC Comics,red,bad,-99
Triplicate Girl,Female,purple,-,Brown,168,DC Comics,-,good,59
Triton,Male,green,Inhuman,No Hair,188,Marvel Comics,green,good,86
Two-Face,Male,-,-,-,183,DC Comics,-,bad,82
Ultragirl,Female,blue,-,Blond,168,Marvel Comics,-,good,105
Ultron,Male,red,Android,-,206,Marvel Comics,silver,bad,331
Utgard-Loki,Male,blue,Frost Giant,White,15.2,Marvel Comics,-,bad,58
Vagabond,Female,blue,-,Strawberry Blond,168,Marvel Comics,-,good,54
Valerie Hart,Female,hazel,-,Black,175,Team Epic TV,-,good,56
Valkyrie,Female,blue,-,Blond,191,Marvel Comics,-,good,214
Vanisher,Male,green,-,No Hair,165,Marvel Comics,-,bad,79
Vegeta,Male,-,Saiyan,Black,168,Shueisha,-,bad,73
Venom,Male,blue,Symbiote,Strawberry Blond,191,Marvel Comics,-,bad,117
Venom II,Male,brown,-,Black,175,Marvel Comics,-,bad,50
Venom III,Male,brown,Symbiote,Brown,229,Marvel Comics,-,bad,334
Venompool,Male,-,Symbiote,-,226,Marvel Comics,-,-,-99
Vertigo II,Female,blue,-,Silver,168,Marvel Comics,-,good,52
Vibe,Male,brown,Human,Black,178,DC Comics,-,good,71
Vindicator,Female,green,Human,Red,165,Marvel Comics,-,good,54
Vindicator,Male,-,-,-,-99,Marvel Comics,-,good,-99
Violator,Male,-,-,-,-99,Image Comics,-,bad,-99
Violet Parr,Female,violet,Human,Black,137,Dark Horse Comics,-,good,41
Vision,Male,gold,Android,No Hair,191,Marvel Comics,red,good,135
Vision II,-,red,-,No Hair,191,Marvel Comics,-,good,135
Vixen,Female,amber,Human,Black,175,DC Comics,-,good,63
Vulcan,Male,black,-,Black,-99,Marvel Comics,-,good,-99
Vulture,Male,brown,Human,No Hair,180,Marvel Comics,-,bad,79
Walrus,Male,blue,Human,Black,183,Marvel Comics,-,bad,162
War Machine,Male,brown,Human,Brown,185,Marvel Comics,-,good,95
Warbird,Female,blue,-,Blond,180,Marvel Comics,-,good,54
Warlock,Male,red,-,Blond,188,Marvel Comics,-,good,108
Warp,Male,brown,-,Black,173,DC Comics,-,bad,67
Warpath,Male,brown,Mutant,Black,218,Marvel Comics,-,good,158
Wasp,Female,blue,Human,Auburn,163,Marvel Comics,-,good,50
Watcher,Male,-,-,-,-99,Marvel Comics,-,good,-99
Weapon XI,Male,-,-,-,-99,Marvel Comics,-,bad,-99
White Canary,Female,brown,Human,Black,-99,DC Comics,-,bad,-99
White Queen,Female,blue,-,Blond,178,Marvel Comics,-,good,65
Wildfire,Male,-,-,-,-99,DC Comics,-,good,-99
Winter Soldier,Male,brown,Human,Brown,175,Marvel Comics,-,good,117
Wiz Kid,-,brown,-,Black,140,Marvel Comics,-,good,39
Wolfsbane,Female,green,-,Auburn,366,Marvel Comics,-,good,473
Wolverine,Male,blue,Mutant,Black,160,Marvel Comics,-,good,135
Wonder Girl,Female,blue,Demi-God,Blond,165,DC Comics,-,good,51
Wonder Man,Male,red,-,Black,188,Marvel Comics,-,good,171
Wonder Woman,Female,blue,Amazon,Black,183,DC Comics,-,good,74
Wondra,Female,-,-,-,-99,Marvel Comics,-,good,-99
Wyatt Wingfoot,Male,brown,-,Black,196,Marvel Comics,-,good,117
X-23,Female,green,Mutant / Clone,Black,155,Marvel Comics,-,good,50
X-Man,Male,blue,-,Brown,175,Marvel Comics,-,good,61
Yellow Claw,Male,blue,-,No Hair,188,Marvel Comics,-,bad,95
Yellowjacket,Male,blue,Human,Blond,183,Marvel Comics,-,good,83
Yellowjacket II,Female,blue,Human,Strawberry Blond,165,Marvel Comics,-,good,52
Ymir,Male,white,Frost Giant,No Hair,304.8,Marvel Comics,white,good,-99
Yoda,Male,brown,Yoda's species,White,66,George Lucas,green,good,17
Zatanna,Female,blue,Human,Black,170,DC Comics,-,good,57
Zoom,Male,red,-,Brown,185,DC Comics,-,bad,81