Name,Genuine,Category,Buy,Sell,Color 1,Color 2,Size,Real Artwork Title,Artist,Museum Description,Source,Source Notes,Version,HHA Concept 1,HHA Concept 2,HHA Series,HHA Set,Interact,Tag,Speaker Type,Lighting Type,Catalog,Filename,Internal ID,Unique Entry ID
academic painting,Yes,Wall-mounted,4980,1245,None,None,1x1,Vitruvian Man,"Leonardo da Vinci, circa 1487, Pen and ink on paper","This drawing is based on the ""ideal"" human-body ratio, as stated in ""De architectura."" ""De architectura"" was a treatise by Vitruvius, an architect from the early 1st century BCE.",Jolly Redd's Treasure Trawler,,1.2.0,expensive,facility,None,None,No,Picture,Does not play music,No lighting,Not for sale,FtrArtVitruvianMan,12619,xfTf9sfyLkxHQEz4u
academic painting,No,Wall-mounted,4980,0,None,None,1x1,Vitruvian Man,"Leonardo da Vinci, circa 1487, Pen and ink on paper","This drawing is based on the ""ideal"" human-body ratio, as stated in ""De architectura."" ""De architectura"" was a treatise by Vitruvius, an architect from the early 1st century BCE.",Jolly Redd's Treasure Trawler,,1.2.0,horror,None,None,None,No,Picture,Does not play music,No lighting,Not for sale,FtrArtVitruvianManFake,12620,5KNFAo3LkdTTJPQkd
amazing painting,Yes,Wall-mounted,4980,1245,None,None,2x2,The Night Watch,"Rembrandt van Rijn, 1642, Oil on canvas","This masterpiece, painted by 17th century Dutch artist Rembrandt, depicts a military gathering. At the time, portraits usually showed their subjects standing still. So this was a leap forward in technique. For many years, art scholars thought the painting was set at night, but a restoration revealed a dark varnish. We can now see the dynamic poses and lighting as they were meant to be seen—in the daytime!",Jolly Redd's Treasure Trawler,,1.2.0,expensive,facility,None,None,No,Picture,Does not play music,No lighting,Not for sale,FtrArtNightWatch,56,Sg6MCSG3m9tvjGWoj
amazing painting,No,Wall-mounted,4980,0,None,None,2x2,The Night Watch,"Rembrandt van Rijn, 1642, Oil on canvas","This masterpiece, painted by 17th century Dutch artist Rembrandt, depicts a military gathering. At the time, portraits usually showed their subjects standing still. So this was a leap forward in technique. For many years, art scholars thought the painting was set at night, but a restoration revealed a dark varnish. We can now see the dynamic poses and lighting as they were meant to be seen—in the daytime!",Jolly Redd's Treasure Trawler,,1.2.0,horror,None,None,None,No,Picture,Does not play music,No lighting,Not for sale,FtrArtNightWatchFake,55,vc2Ebu4Pkn443zYiN
ancient statue,Yes,Miscellaneous,4980,1245,None,None,1x1,"Jōmon Period ""Dogū"" Figurine Shakōki-dogū","Artist Unknown, 1000-400 BCE, Fired pottery","A mysterious, riveting doll made from kneaded, unglazed dirt during the Jōmon period. Its large round eyes resemble goggles that intercept light, so its name should come as no surprise. ""Shakōki"" means ""light-intercepting goggles,"" and a dogū is a small animal figurine.",Jolly Redd's Treasure Trawler,,1.2.0,expensive,folk art,None,None,No,Sculpture,Does not play music,No lighting,Not for sale,FtrSculptureDoguu,1337,zpAsguge9Yb29ksjS
ancient statue,No,Miscellaneous,4980,0,None,None,1x1,"Jōmon Period ""Dogū"" Figurine Shakōki-dogū","Artist Unknown, 1000-400 BCE, Fired pottery","A mysterious, riveting doll made from kneaded, unglazed dirt during the Jōmon period. Its large round eyes resemble goggles that intercept light, so its name should come as no surprise. ""Shakōki"" means ""light-intercepting goggles,"" and a dogū is a small animal figurine.",Jolly Redd's Treasure Trawler,,1.2.0,horror,None,None,None,No,Sculpture,Does not play music,No lighting,Not for sale,FtrSculptureDoguuFake,1338,fXbsrcXirg6miBoqT
basic painting,Yes,Wall-mounted,4980,1245,None,None,1x2,The Blue Boy,"Thomas Gainsborough, 1770, Oil on canvas","Gainsborough was known for his innovative use of colors in his traditional portraits, like this one. Although he preferred painting landscapes, his portraits would be the defining work of his career.",Jolly Redd's Treasure Trawler,,1.2.0,expensive,facility,None,None,No,Picture,Does not play music,No lighting,Not for sale,FtrArtBlueBoy,14,Xhn8ZjtbdZeET3NXR
basic painting,No,Wall-mounted,4980,0,None,None,1x2,The Blue Boy,"Thomas Gainsborough, 1770, Oil on canvas","Gainsborough was known for his innovative use of colors in his traditional portraits, like this one. Although he preferred painting landscapes, his portraits would be the defining work of his career.",Jolly Redd's Treasure Trawler,,1.2.0,horror,None,None,None,No,Picture,Does not play music,No lighting,Not for sale,FtrArtBlueBoyFake,13,o4px7Mx9g2Zk6NHvC
beautiful statue,Yes,Housewares,4980,1245,None,None,1x1,Venus de Milo,"Artist Unknown, circa 130 BCE, Marble","A statue of the Roman goddess of love and beauty, Venus was found on the island of Milos. This beautiful sculpture makes many wonder what her original pose might have been.",Jolly Redd's Treasure Trawler,,1.2.0,expensive,folk art,None,None,No,Sculpture,Does not play music,No lighting,Not for sale,FtrSculptureMilo,1341,iscap6FsmDZdNP5dw
beautiful statue,No,Housewares,4980,0,None,None,1x1,Venus de Milo,"Artist Unknown, circa 130 BCE, Marble","A statue of the Roman goddess of love and beauty, Venus was found on the island of Milos. This beautiful sculpture makes many wonder what her original pose might have been.",Jolly Redd's Treasure Trawler,,1.2.0,horror,None,None,None,No,Sculpture,Does not play music,No lighting,Not for sale,FtrSculptureMiloFake,1342,w9vrMbhJNj6JHkznu
calm painting,Yes,Wall-mounted,4980,1245,None,None,2x1.5,A Sunday Afternoon on the Island of La Grande Jatte,"Georges Seurat, circa 1885, Oil on canvas","Seurat, known as the founder of neo-impressionism, invented the use of brightly colored dots. His method, which does not involve mixing pigments, took time. This piece, for instance, took two years. It shows a crowd enjoying a day off at the river Seine in France.",Jolly Redd's Treasure Trawler,,1.2.0,expensive,facility,None,None,No,Picture,Does not play music,No lighting,Not for sale,FtrArtSundayOn,78,7QgYY7KuhauCnS37H
common painting,Yes,Wall-mounted,4980,1245,None,None,1x1,The Gleaners,"Jean-François Millet, 1857, Oil on canvas","The signature piece from Millet, who was known for depicting the lives of commoners in the 19th century.Notice the abundant crops visible in the background relative to the meager wheat remaining for workers.This art served as social commentary in a time of great inequality.",Jolly Redd's Treasure Trawler,,1.2.0,expensive,facility,None,None,No,Picture,Does not play music,No lighting,Not for sale,FtrArtGleaners,44,GE6sppzKjqkG7sRoz
detailed painting,Yes,Wall-mounted,4980,1245,None,None,1x2,Ajisai Sōkeizu,"Itō Jakuchū, 18th century, Dyed silk","A detailed, colorful, and dynamic piece by Itō Jakuchū, a successful Kyoto artist in the mid-Edo period. High-quality paints on silk help it maintain its brilliant color even now, 200 years after its creation.",Jolly Redd's Treasure Trawler,,1.2.0,expensive,facility,None,None,No,Picture,Does not play music,No lighting,Not for sale,FtrArtAjisaisoukeizu,12622,T2QA6mqARHfToTJpQ
detailed painting,No,Wall-mounted,4980,0,None,None,1x2,Ajisai Sōkeizu,"Itō Jakuchū, 18th century, Dyed silk","A detailed, colorful, and dynamic piece by Itō Jakuchū, a successful Kyoto artist in the mid-Edo period. High-quality paints on silk help it maintain its brilliant color even now, 200 years after its creation.",Jolly Redd's Treasure Trawler,,1.2.0,horror,None,None,None,No,Picture,Does not play music,No lighting,Not for sale,FtrArtAjisaisoukeizuFake,12623,m9TkAsJFFkpQ9Hr4s
dynamic painting,Yes,Wall-mounted,4980,1245,None,None,1x1,Thirty-Six Views of Mount Fuji The Great Wave off Kanagawa,"Katsushika Hokusai, circa 1831, Woodblock print","The signature piece of ukiyo-e artist Katsushika Hokusai, painted as part of a series when he was in his 60s. Although it is dubbed ""Thirty-Six Views,"" he eventually added 10 more to make 46 in total.",Jolly Redd's Treasure Trawler,,1.2.0,expensive,facility,None,None,No,Picture,Does not play music,No lighting,Not for sale,FtrArtKanagawaOki,38,BMBiEvuooPCwpzHj7
familiar statue,Yes,Housewares,4980,1245,None,None,1x1,The Thinker,"Auguste Rodin, 1902, Bronze","This bronze sculpture was crafted by the French sculptor Rodin, known as the father of modern sculpture. The incredibly famous original is located in France. The sculpture was casted over 20 times. As such, authentic pieces can be found all around the world.",Jolly Redd's Treasure Trawler,,1.2.0,expensive,folk art,None,None,No,Sculpture,Does not play music,No lighting,Not for sale,FtrSculptureThinker,12541,e45RimLWaxcoBYLNq
famous painting,Yes,Wall-mounted,4980,1245,None,None,1x1,Mona Lisa,"Leonardo da Vinci, circa 1503, Oil on poplar","The world's most famous smile. It's said that da Vinci kept this painting for himself until the very end...Given its power to beguile visitors all these years later, it's easy to see why.",Jolly Redd's Treasure Trawler,,1.2.0,expensive,facility,None,None,No,Picture,Does not play music,No lighting,Not for sale,FtrArtMonaLisa,18,23b6Mtp42pbXaLiGj
famous painting,No,Wall-mounted,4980,0,None,None,1x1,Mona Lisa,"Leonardo da Vinci, circa 1503, Oil on poplar","The world's most famous smile. It's said that da Vinci kept this painting for himself until the very end...Given its power to beguile visitors all these years later, it's easy to see why.",Jolly Redd's Treasure Trawler,,1.2.0,horror,None,None,None,No,Picture,Does not play music,No lighting,Not for sale,FtrArtMonaLisaFake,17,ppnz4rtJf2L6FK6YN
flowery painting,Yes,Wall-mounted,4980,1245,None,None,1x1,Sunflowers,"Vincent van Gogh, circa 1888, Oil on canvas","Van Gogh painted this piece when he moved to the south of France in search of more vibrant colors. Yellow was Van Gogh's favorite color, and he made seven paintings that featured sunflowers during this time.",Jolly Redd's Treasure Trawler,,1.2.0,expensive,facility,None,None,No,Picture,Does not play music,No lighting,Not for sale,FtrArtSunflower,50,aDZWPQ79YhLCMRqAE
gallant statue,Yes,Housewares,4980,1245,None,None,2x2,David,"Michelangelo, circa 1504, Marble","Young David glares at his enemies, sling slung over his shoulder. It took Michelangelo more than three years to sculpt this piece. Close inspection shows heart- shaped eyes, but that's probably meant to depict light hitting them. Hearts didn't have the lovey-dovey symbolism back then that they do today.",Jolly Redd's Treasure Trawler,,1.2.0,expensive,folk art,None,None,No,Sculpture,Does not play music,No lighting,Not for sale,FtrSculptureDavid,1333,hNbaWeaJCdihGnHM9
gallant statue,No,Housewares,4980,0,None,None,2x2,David,"Michelangelo, circa 1504, Marble","Young David glares at his enemies, sling slung over his shoulder. It took Michelangelo more than three years to sculpt this piece. Close inspection shows heart- shaped eyes, but that's probably meant to depict light hitting them. Hearts didn't have the lovey-dovey symbolism back then that they do today.",Jolly Redd's Treasure Trawler,,1.2.0,horror,None,None,None,No,Sculpture,Does not play music,No lighting,Not for sale,FtrSculptureDavidFake,1334,aoJwhWz4TTkNHrgg4
glowing painting,Yes,Wall-mounted,4980,1245,None,None,1x1,The Fighting Temeraire,"Joseph Mallord William Turner, 1839, Oil on canvas","A famous piece by Turner, a ""master of light. ""It shows an English Navy ship commanded by Admiral Nelson as it's being tugged toward its dismantling.",Jolly Redd's Treasure Trawler,,1.2.0,expensive,facility,None,None,No,Picture,Does not play music,No lighting,Not for sale,FtrArtFightingTemeraire,12624,89wbjB4u9oKjrKiZB
graceful painting,Yes,Wall-mounted,4980,1245,None,None,1x2,Beauty Looking Back,"Hishikawa Moronobu, 17th century, Color on silk","A hand-painted piece by Hishikawa Moronobu, an artist known for popularizing the ukiyo-e style. This stirring painting depicts a fashionable woman glancing back over her shoulder.",Jolly Redd's Treasure Trawler,,1.2.0,expensive,facility,None,None,No,Picture,Does not play music,No lighting,Not for sale,FtrArtMikaeri,6,8M8N84TgtyATYSaPK
graceful painting,No,Wall-mounted,4980,0,None,None,1x2,Beauty Looking Back,"Hishikawa Moronobu, 17th century, Color on silk","A hand-painted piece by Hishikawa Moronobu, an artist known for popularizing the ukiyo-e style. This stirring painting depicts a fashionable woman glancing back over her shoulder.",Jolly Redd's Treasure Trawler,,1.2.0,horror,None,None,None,No,Picture,Does not play music,No lighting,Not for sale,FtrArtMikaeriFake,5,PJCq2YjGNkP3rLYAs
great statue,Yes,Housewares,4980,1245,None,None,2x2,King Kamehameha I,"Thomas Ridgeway Gould, circa 1883, Bronze","A bronze sculpture of King Kamehameha I, who founded the Kingdom of Hawaii in 1810. Traditionally, the sculpture is draped with many leis every year on June 11th.",Jolly Redd's Treasure Trawler,,1.2.0,expensive,folk art,None,None,No,Sculpture,Does not play music,No lighting,Not for sale,FtrSculptureKamehameha,1339,AAE89LXrdnv7yxs7p
informative statue,Yes,Housewares,4980,1245,None,None,1x1,Rosetta Stone,"Artist Unknown, 196 BCE, Granodiorite","A stone slab found in Rosetta, Egypt in 1799. Helped efforts to decipher ancient Egyptian hieroglyphs. Almost identical text is written in hieroglyphs at the top, then Demotic script, and lastly Greek script.",Jolly Redd's Treasure Trawler,,1.2.0,expensive,folk art,None,None,No,Sculpture,Does not play music,No lighting,Not for sale,FtrSculptureRosettaStone,12535,QW7tW8LLK5ReWvNeT
informative statue,No,Housewares,4980,0,None,None,1x1,Rosetta Stone,"Artist Unknown, 196 BCE, Granodiorite","A stone slab found in Rosetta, Egypt in 1799. Helped efforts to decipher ancient Egyptian hieroglyphs. Almost identical text is written in hieroglyphs at the top, then Demotic script, and lastly Greek script.",Jolly Redd's Treasure Trawler,,1.2.0,horror,None,None,None,No,Sculpture,Does not play music,No lighting,Not for sale,FtrSculptureRosettaStoneFake,12536,qsBfFStS8mFJWotF3
jolly painting,Yes,Wall-mounted,4980,1245,None,None,1x1,Summer,"Giuseppe Arcimboldo, circa 1563, Oil on canvas","A curious portrait by Giuseppe Arcimboldo, an Italian painter from the late 16th century. It doesn't take a particularly sharp eye to see that the entire portrait is composed of fresh produce.",Jolly Redd's Treasure Trawler,,1.2.0,expensive,facility,None,None,No,Picture,Does not play music,No lighting,Not for sale,FtrArtSummer,42,JmuDLy5Gzy5L98TYi
jolly painting,No,Wall-mounted,4980,0,None,None,1x1,Summer,"Giuseppe Arcimboldo, circa 1563, Oil on canvas","A curious portrait by Giuseppe Arcimboldo, an Italian painter from the late 16th century. It doesn't take a particularly sharp eye to see that the entire portrait is composed of fresh produce.",Jolly Redd's Treasure Trawler,,1.2.0,horror,None,None,None,No,Picture,Does not play music,No lighting,Not for sale,FtrArtSummerFake,41,ndpzuYrx9RtgkuF4q
moody painting,Yes,Wall-mounted,4980,1245,None,None,1x1,The Sower,"Jean-François Millet, circa 1850, Oil on canvas","Millet painted this piece of a farmer sowing wheat seeds in a field after moving to the countryside from Paris. If the piece reminds you of Van Gogh, that's likely because Van Gogh himself was inspired by it!",Jolly Redd's Treasure Trawler,,1.2.0,expensive,facility,None,None,No,Picture,Does not play music,No lighting,Not for sale,FtrArtSlower,52,BvTziFiDfmghDfn2f
motherly statue,Yes,Housewares,4980,1245,None,None,2x1,Capitoline Wolf,"Artist Unknown, 5th century BCE, Bronze","This wolf from Roman mythology raises a pair of twins, along with some controversy. The original bronze sculpture of the wolf is a masterpiece that dates back to 5th century BCE. The twins were added during the 15th century...or so it was thought.Recent research has given rise to speculation that the original piece may be from the 11th or 12th century. (We will, however, stick with the 5th century BCE estimate for now.)",Jolly Redd's Treasure Trawler,,1.2.0,expensive,folk art,None,None,No,Sculpture,Does not play music,No lighting,Not for sale,FtrSculptureCapitolini,1331,CzWpdw9fWH7CSqvD4
motherly statue,No,Housewares,4980,0,None,None,2x1,Capitoline Wolf,"Artist Unknown, 5th century BCE, Bronze","This wolf from Roman mythology raises a pair of twins, along with some controversy. The original bronze sculpture of the wolf is a masterpiece that dates back to 5th century BCE. The twins were added during the 15th century...or so it was thought.Recent research has given rise to speculation that the original piece may be from the 11th or 12th century. (We will, however, stick with the 5th century BCE estimate for now.)",Jolly Redd's Treasure Trawler,,1.2.0,horror,None,None,None,No,Sculpture,Does not play music,No lighting,Not for sale,FtrSculptureCapitoliniFake,1332,FQnkD6Ecica9g8hn6
moving painting,Yes,Wall-mounted,4980,1245,None,None,2x1.5,The Birth of Venus,"Sandro Botticelli, circa 1485, Tempura on canvas","A painting of the Roman goddess Venus riding a scallop shell after being born in the ocean. The name Botticelli is said to actually be a nickname given to the artist's brother, who was built like a barrel. Why this nickname was transferred between siblings is a mystery lost to the ages.",Jolly Redd's Treasure Trawler,,1.2.0,expensive,facility,None,None,No,Picture,Does not play music,No lighting,Not for sale,FtrArtBirthVenus,32,CbpBJoxScgd7YkJ2a
moving painting,No,Wall-mounted,4980,0,None,None,2x1.5,The Birth of Venus,"Sandro Botticelli, circa 1485, Tempura on canvas","A painting of the Roman goddess Venus riding a scallop shell after being born in the ocean. The name Botticelli is said to actually be a nickname given to the artist's brother, who was built like a barrel. Why this nickname was transferred between siblings is a mystery lost to the ages.",Jolly Redd's Treasure Trawler,,1.2.0,horror,None,None,None,No,Picture,Does not play music,No lighting,Not for sale,FtrArtBirthVenusFake,31,8ji8jMXCQbeXcBZ4G
mysterious painting,Yes,Wall-mounted,4980,1245,None,None,2x1,Isle of The Dead,"Arnold Böcklin, 1883, Oil on wood","A small boat carrying a corpse glides quietly over a still sea to an island of graves surrounded by cliffs. The air of this piece by symbolist painter Böcklin is chilling, but also somehow calm. Böcklin worked here to capture not what he could see, but some of humanity's inner contemplations.",Jolly Redd's Treasure Trawler,,1.2.0,expensive,facility,None,None,No,Picture,Does not play music,No lighting,Not for sale,FtrArtIsleOfDead,12625,jyEqfpiQxoJr7dFim
mystic statue,Yes,Miscellaneous,4980,1245,None,None,1x1,Bust of Nefertiti,"Thutmose, circa 1345 BCE","A bust of Nefertiti, whose name means ""the beautiful one has come."" A ""royal wife,"" she was known as one of the three most beautiful women in ancient Egypt. It is not known whether the left eye is missing because it fell out, or because it was never completed.",Jolly Redd's Treasure Trawler,,1.2.0,expensive,folk art,None,None,No,Sculpture,Does not play music,No lighting,Not for sale,FtrSculptureNefertiti,1343,m8rdQtfhuSxvLjbA7
mystic statue,No,Miscellaneous,4980,0,None,None,1x1,Bust of Nefertiti,"Thutmose, circa 1345 BCE","A bust of Nefertiti, whose name means ""the beautiful one has come."" A ""royal wife,"" she was known as one of the three most beautiful women in ancient Egypt. It is not known whether the left eye is missing because it fell out, or because it was never completed.",Jolly Redd's Treasure Trawler,,1.2.0,horror,None,None,None,No,Sculpture,Does not play music,No lighting,Not for sale,FtrSculptureNefertitiFake,1344,DPZFgiykKg576TMns
nice painting,Yes,Wall-mounted,4980,1245,None,None,1x2,The Fifer,"Édouard Manet, 1866, Oil on canvas","One of Manet's earlier works, this painting depicts a young flautist dressed in military uniform. Manet's works are notable for their lack of linear perspective and strong color contrast. These attributes led some to call him ""The Father of Impressionism"" and make comparisons to Vélazquez. Fun fact-flautists can determine what note the boy is playing just by studying the painting closely.",Jolly Redd's Treasure Trawler,,1.2.0,expensive,facility,None,None,No,Picture,Does not play music,No lighting,Not for sale,FtrArtFifePlayer,48,bE9epxYeiupMZXZBY
perfect painting,Yes,Wall-mounted,4980,1245,None,None,1x1,Apples and Oranges,"Paul Cézanne, circa 1899, Oil on canvas","This still life is known to have inspired the work of many other artists, including Pablo Picasso. Rather than trying to recreate an image, Cézanne captured the beauty of shapes from many angles. With this work, Cézanne draws on both the atmosphere of his subjects and the spirit of its beholders.",Jolly Redd's Treasure Trawler,,1.2.0,expensive,facility,None,None,No,Picture,Does not play music,No lighting,Not for sale,FtrArtAppleOrange,20,GrTJQRodgefZ3ndPz
proper painting,Yes,Wall-mounted,4980,1245,None,None,2x1,A Bar at The Folies-Bergère,"Édouard Manet, circa 1882, Oil on canvas","Close inspection of the mirror behind this painting's subject reveals many mysteries and paradoxes... In fact, the painting is based on multiple perspectives, which explains the unusual placement of some items. Sadly, this is Manet's last major work. He passed away a year after it was complete, at age 51.",Jolly Redd's Treasure Trawler,,1.2.0,expensive,facility,None,None,No,Picture,Does not play music,No lighting,Not for sale,FtrArtBarFB,46,5MYg559uG6YjFrJLu
quaint painting,Yes,Wall-mounted,4980,1245,None,None,1x1,The Milkmaid,"Johannes Vermeer, circa 1658, Oil on canvas","This piece earned Vermeer the nickname ""Master of Light"" thanks to its exquisite contrast and depth. Vermeer painted this masterpiece at only 25 years of age. Many note that it is surprisingly small in real life.",Jolly Redd's Treasure Trawler,,1.2.0,expensive,facility,None,None,No,Picture,Does not play music,No lighting,Not for sale,FtrArtMilkmaid,10,4eD8bxvcsNdFuJZy3
quaint painting,No,Wall-mounted,4980,0,None,None,1x1,The Milkmaid,"Johannes Vermeer, circa 1658, Oil on canvas","This piece earned Vermeer the nickname ""Master of Light"" thanks to its exquisite contrast and depth. Vermeer painted this masterpiece at only 25 years of age. Many note that it is surprisingly small in real life.",Jolly Redd's Treasure Trawler,,1.2.0,horror,None,None,None,No,Picture,Does not play music,No lighting,Not for sale,FtrArtMilkmaidFake,9,A8oEDJdRDYCWWvgqP
robust statue,Yes,Housewares,4980,1245,None,None,2x1,Discobolus,"Artist Unknown, 2nd century CE, Marble","This ancient Roman statue is based on the ancient Greek statue crafted by Myron. It's a piece that shows the grandeur of the human body, beautiful from any angle.",Jolly Redd's Treasure Trawler,,1.2.0,expensive,folk art,None,None,No,Sculpture,Does not play music,No lighting,Not for sale,FtrSculptureDiskobolos,1335,BMJTrZQQLrzhgFQ6T
robust statue,No,Housewares,4980,0,None,None,2x1,Discobolus,"Artist Unknown, 2nd century CE, Marble","This ancient Roman statue is based on the ancient Greek statue crafted by Myron. It's a piece that shows the grandeur of the human body, beautiful from any angle.",Jolly Redd's Treasure Trawler,,1.2.0,horror,None,None,None,No,Sculpture,Does not play music,No lighting,Not for sale,FtrSculptureDiskobolosFake,1336,JxRWC7dP3bSnrYafb
rock-head statue,Yes,Housewares,4980,1245,None,None,2x2,Olmec Colossal Head,"Artist Unknown, circa 1000 BCE, Basalt, andesite","Giant stone head thought to be from the ancient Mesoamerican Olmec civilization. The larger ones can reach three meters in height. Scholars think they only crafted heads, no bodies.",Jolly Redd's Treasure Trawler,,1.2.0,expensive,folk art,None,None,No,Sculpture,Does not play music,No lighting,Not for sale,FtrSculptureOlmecaHead,12533,yuq7wqkBtYpTh9cQs
rock-head statue,No,Housewares,4980,0,None,None,2x2,Olmec Colossal Head,"Artist Unknown, circa 1000 BCE, Basalt, andesite","Giant stone head thought to be from the ancient Mesoamerican Olmec civilization. The larger ones can reach three meters in height. Scholars think they only crafted heads, no bodies.",Jolly Redd's Treasure Trawler,,1.2.0,horror,None,None,None,No,Sculpture,Does not play music,No lighting,Not for sale,FtrSculptureOlmecaHeadFake,12534,vgYniErBETSwYurmo
scary painting,Yes,Wall-mounted,4980,1245,None,None,1x1,Ōtani Oniji the 3rd as Yakko Edobei,"Tōshūsai Sharaku, 1794, Woodblock print","A print from the mid-Edo period by Tōshūsai Sharaku depicting a famous actor of the time. Sharaku made roughly 140 ukiyo-e prints in his career, even though it only spanned around 10 months!",Jolly Redd's Treasure Trawler,,1.2.0,expensive,facility,None,None,No,Picture,Does not play music,No lighting,Not for sale,FtrArtOotaniOniji,66,mPutXzCMyFowYqPHu
scary painting,No,Wall-mounted,4980,0,None,None,1x1,Ōtani Oniji the 3rd as Yakko Edobei,"Tōshūsai Sharaku, 1794, Woodblock print","A print from the mid-Edo period by Tōshūsai Sharaku depicting a famous actor of the time. Sharaku made roughly 140 ukiyo-e prints in his career, even though it only spanned around 10 months!",Jolly Redd's Treasure Trawler,,1.2.0,horror,None,None,None,No,Picture,Does not play music,No lighting,Not for sale,FtrArtOotaniOnijiFake,65,xfEX3LgBZxdy8cWnv
scenic painting,Yes,Wall-mounted,4980,1245,None,None,2x1.5,The Hunters in The Snow,"Pieter Brueghel the Elder, 1565, Oil on wood panel","A landscape artist from the late Renaissance period, Brueghel was known as the ""Peasant Artist."" He earned the title for depicting scenes from common peasant life, such as the moment captured here. Note the contrast between the weary hunters and the people frolicking below on icy ponds.",Jolly Redd's Treasure Trawler,,1.2.0,expensive,facility,None,None,No,Picture,Does not play music,No lighting,Not for sale,FtrArtHunterSnow,2,9zdd3tRyrgvHg7MHR
scenic painting,No,Wall-mounted,4980,0,None,None,2x1.5,The Hunters in The Snow,"Pieter Brueghel the Elder, 1565, Oil on wood panel","A landscape artist from the late Renaissance period, Brueghel was known as the ""Peasant Artist."" He earned the title for depicting scenes from common peasant life, such as the moment captured here. Note the contrast between the weary hunters and the people frolicking below on icy ponds.",Jolly Redd's Treasure Trawler,,1.2.0,horror,None,None,None,No,Picture,Does not play music,No lighting,Not for sale,FtrArtHunterSnowFake,12629,xXvgi6GY62Kiy7ZPc
serene painting,Yes,Wall-mounted,4980,1245,None,None,1x1,Lady with an Ermine,"Leonardo da Vinci, circa 1490, Oil on wood panel","One of only four portraits of women painted by da Vinci, one of which is the ""Mona Lisa. ""Some believe that the ""ermine"" is not actually an ermine, but rather a white ferret!",Jolly Redd's Treasure Trawler,,1.2.0,expensive,facility,None,None,No,Picture,Does not play music,No lighting,Not for sale,FtrArtPortraitCecilia,24,xWDYCn59iCuXXFYCa
serene painting,No,Wall-mounted,4980,0,None,None,1x1,Lady with an Ermine,"Leonardo da Vinci, circa 1490, Oil on wood panel","One of only four portraits of women painted by da Vinci, one of which is the ""Mona Lisa. ""Some believe that the ""ermine"" is not actually an ermine, but rather a white ferret!",Jolly Redd's Treasure Trawler,,1.2.0,horror,None,None,None,No,Picture,Does not play music,No lighting,Not for sale,FtrArtPortraitCeciliaFake,23,DAFG5byhuAns7SeNJ
sinking painting,Yes,Wall-mounted,4980,1245,None,None,1x1,Ophelia,"John Everett Millais, 1852, Oil on canvas","Ophelia is a tragic figure in the Shakespearean play ""Hamlet."" There is an otherworldly expression on her face as she lies unconscious in a river. She is surrounded by the beauty of nature as she floats between life and death.",Jolly Redd's Treasure Trawler,,1.2.0,expensive,facility,None,None,No,Picture,Does not play music,No lighting,Not for sale,FtrArtOphelia,12621,7ku7mD4CEkRPAfvgf
solemn painting,Yes,Wall-mounted,4980,1245,None,None,2x2,Las Meninas,"Diego Velázquez, circa 1656, Oil on canvas","This famous piece by Velázquez, who served the Spanish court, shows us something about perspective. It depicts a young princess with her ""ladies-in-waiting."" The artist himself is seen to the left. The king and queen are reflected in the mirror to the artist's right, so the perspective is that of the king. The king...watching the artist...paint the king and the queen...",Jolly Redd's Treasure Trawler,,1.2.0,expensive,facility,None,None,No,Picture,Does not play music,No lighting,Not for sale,FtrArtLasMeninas,72,Rdxe9rejLcZB9FPPj
solemn painting,No,Wall-mounted,4980,0,None,None,2x2,Las Meninas,"Diego Velázquez, circa 1656, Oil on canvas","This famous piece by Velázquez, who served the Spanish court, shows us something about perspective. It depicts a young princess with her ""ladies-in-waiting."" The artist himself is seen to the left. The king and queen are reflected in the mirror to the artist's right, so the perspective is that of the king. The king...watching the artist...paint the king and the queen...",Jolly Redd's Treasure Trawler,,1.2.0,horror,None,None,None,No,Picture,Does not play music,No lighting,Not for sale,FtrArtLasMeninasFake,71,nk6zayAkJFzinuKDK
tremendous statue,Yes,Housewares,4980,1245,None,None,2x1,Houmuwu Ding,"Artist Unknown, 1200 BCE, Bronze",This bronze ding from ancient China is the largest and heaviest ever found. The script on the inside suggests it was created to honor the king's mother.,Jolly Redd's Treasure Trawler,,1.2.0,expensive,folk art,None,None,No,Sculpture,Does not play music,No lighting,Not for sale,FtrSculptureHoumuwuDing,12537,jNGr7gorm7HSW3saj
tremendous statue,No,Housewares,4980,0,None,None,2x1,Houmuwu Ding,"Artist Unknown, 1200 BCE, Bronze",This bronze ding from ancient China is the largest and heaviest ever found. The script on the inside suggests it was created to honor the king's mother.,Jolly Redd's Treasure Trawler,,1.2.0,horror,None,None,None,No,Sculpture,Does not play music,No lighting,Not for sale,FtrSculptureHoumuwuDingFake,12538,JixcFeWLnkcAy7rnu
twinkling painting,Yes,Wall-mounted,4980,1245,None,None,1x1,The Starry Night,"Vincent van Gogh, 1889, Oil on canvas","Van Gogh's signature piece, painted while he was hospitalized at an asylum. This view from his room includes memories and imaginations. In letters to friends, the artist called it a failure.",Jolly Redd's Treasure Trawler,,1.2.0,expensive,facility,None,None,No,Picture,Does not play music,No lighting,Not for sale,FtrArtStarryNight,12618,vd2Naaf6TREFTQsdy
valiant statue,Yes,Housewares,4980,1245,None,None,2x2,Nike of Samothrace,"Artist Unknown, circa 190 BCE, Marble","A statue of the goddess of victory, Nike, found on Samothrace. It shows Nike alighting on the prow of a ship. Originally found in separate pieces, it has largely been restored, but the arms and head are still missing.",Jolly Redd's Treasure Trawler,,1.2.0,expensive,folk art,None,None,No,Sculpture,Does not play music,No lighting,Not for sale,FtrSculptureSamothrace,1345,stPbtNz5bpPCb3eRy
valiant statue,No,Housewares,4980,0,None,None,2x2,Nike of Samothrace,"Artist Unknown, circa 190 BCE, Marble","A statue of the goddess of victory, Nike, found on Samothrace. It shows Nike alighting on the prow of a ship. Originally found in separate pieces, it has largely been restored, but the arms and head are still missing.",Jolly Redd's Treasure Trawler,,1.2.0,horror,None,None,None,No,Sculpture,Does not play music,No lighting,Not for sale,FtrSculptureSamothraceFake,1346,FWFGsBRxrdnE4RSXa
warm painting,Yes,Wall-mounted,4980,1245,None,None,2x1,The Clothed Maja,"Francisco de Goya, circa 1805, Oil on canvas","It is said that this painting is a more discreet version of an earlier work known as ""The Nude Maja."" It is also known that Francisco de Goya was quite popular in his own time. Could these facts be related? A third, unrelated fact-the word ""maja"" refers to a ""stylish young lady of Madrid.""",Jolly Redd's Treasure Trawler,,1.2.0,expensive,facility,None,None,No,Picture,Does not play music,No lighting,Not for sale,FtrArtClothedMaja,34,SD7NXc97t2b4f74xi
warrior statue,Yes,Housewares,4980,1245,None,None,1x1,Terracotta Army,"Artist Unknown, 210 BCE, Earthenware","These terracotta warriors were buried with the first Qin emperor to protect him in the afterlife. Nearly 2,000 years later, in 1974, about 8,000 of them were found. Each life-sized statue is said to have been handmade with different poses, expressions, and clothing.",Jolly Redd's Treasure Trawler,,1.2.0,expensive,folk art,None,None,No,Sculpture,Does not play music,No lighting,Not for sale,FtrSculptureHeibayo,12539,5ZWqwpgKjNRGgT44E
warrior statue,No,Housewares,4980,0,None,None,1x1,Terracotta Army,"Artist Unknown, 210 BCE, Earthenware","These terracotta warriors were buried with the first Qin emperor to protect him in the afterlife. Nearly 2,000 years later, in 1974, about 8,000 of them were found. Each life-sized statue is said to have been handmade with different poses, expressions, and clothing.",Jolly Redd's Treasure Trawler,,1.2.0,horror,None,None,None,No,Sculpture,Does not play music,No lighting,Not for sale,FtrSculptureHeibayoFake,12540,phB8tH4gdSYwq48Gs
wild painting left half,Yes,Housewares,4980,1245,None,None,2x1,Folding Screen of Fūjin and Raijin,"Tawaraya Sōtatsu, 17th century, Gold leaf and ink on paper","This folding screen shows dynamic brushwork of Fūjin and Raijin on a gold-leaf background. It is thought to be the masterpiece of Tawaraya Sōtatsu, an early-Edo- period artist. The simplification of the subjects is a style that was carried on by Ogata Kōrin. It's a style still in use today in the Rinpa school of Japanese painting.",Jolly Redd's Treasure Trawler,,1.2.0,expensive,facility,None,None,No,Picture,Does not play music,No lighting,Not for sale,FtrArtRaijin,12570,hMQkJiQG5cNGQxKCE
wild painting left half,No,Housewares,4980,0,None,None,2x1,Folding Screen of Fūjin and Raijin,"Tawaraya Sōtatsu, 17th century, Gold leaf and ink on paper","This folding screen shows dynamic brushwork of Fūjin and Raijin on a gold-leaf background. It is thought to be the masterpiece of Tawaraya Sōtatsu, an early-Edo- period artist. The simplification of the subjects is a style that was carried on by Ogata Kōrin. It's a style still in use today in the Rinpa school of Japanese painting.",Jolly Redd's Treasure Trawler,,1.2.0,horror,None,None,None,No,Picture,Does not play music,No lighting,Not for sale,FtrArtRaijinFake,12571,E9szuomHevSfq8yY3
wild painting right half,Yes,Housewares,4980,1245,None,None,2x1,Folding Screen of Fūjin and Raijin,"Tawaraya Sōtatsu, 17th century, Gold leaf and ink on paper","This folding screen shows dynamic brushwork of Fūjin and Raijin on a gold-leaf background. It is thought to be the masterpiece of Tawaraya Sōtatsu, an early-Edo- period artist. The simplification of the subjects is a style that was carried on by Ogata Kōrin. It's a style still in use today in the Rinpa school of Japanese painting.",Jolly Redd's Treasure Trawler,,1.2.0,expensive,facility,None,None,No,Picture,Does not play music,No lighting,Not for sale,FtrArtFuujin,76,rcXt6qMXZh9jj4ojN
wild painting right half,No,Housewares,4980,0,None,None,2x1,Folding Screen of Fūjin and Raijin,"Tawaraya Sōtatsu, 17th century, Gold leaf and ink on paper","This folding screen shows dynamic brushwork of Fūjin and Raijin on a gold-leaf background. It is thought to be the masterpiece of Tawaraya Sōtatsu, an early-Edo- period artist. The simplification of the subjects is a style that was carried on by Ogata Kōrin. It's a style still in use today in the Rinpa school of Japanese painting.",Jolly Redd's Treasure Trawler,,1.2.0,horror,None,None,None,No,Picture,Does not play music,No lighting,Not for sale,FtrArtFuujinFake,75,aKefsi2sySXJkzPLo
wistful painting,Yes,Wall-mounted,4980,1245,None,None,1x1,Girl with a Pearl Earring,"Johannes Vermeer, circa 1665, Oil on canvas","Also known as ""Girl with a Turban,"" this piece uses ultramarine paint, which was expensive at the time. It seems the expense was worth it, as the vivid blue colors draw the eye and help make the piece a classic. The only question is... Is that a real pearl earring? Or something else...",Jolly Redd's Treasure Trawler,,1.2.0,expensive,facility,None,None,No,Picture,Does not play music,No lighting,Not for sale,FtrArtPearlEarring,28,Mupx2ny4sM3Kbfs3v
wistful painting,No,Wall-mounted,4980,0,None,None,1x1,Girl with a Pearl Earring,"Johannes Vermeer, circa 1665, Oil on canvas","Also known as ""Girl with a Turban,"" this piece uses ultramarine paint, which was expensive at the time. It seems the expense was worth it, as the vivid blue colors draw the eye and help make the piece a classic. The only question is... Is that a real pearl earring? Or something else...",Jolly Redd's Treasure Trawler,,1.2.0,horror,None,None,None,No,Picture,Does not play music,No lighting,Not for sale,FtrArtPearlEarringFake,27,c7zw6f8Dbe5h9oJni
worthy painting,Yes,Wall-mounted,4980,1245,None,None,2x1.5,Liberty Leading the People,"Eugène Delacroix, 1830, Oil on canvas","Painted by leading 19th century Romantic artist Delacroix in the same year as a French revolution. The woman in the center is often mistaken for Joan of Arc, but she is actually the fictional ""Marianne.""",Jolly Redd's Treasure Trawler,,1.2.0,expensive,facility,None,None,No,Picture,Does not play music,No lighting,Not for sale,FtrArtLibertyLeading,68,8R3LhTWJzqHmPPPvK