Name,Variation,DIY,Buy,Sell,Color 1,Color 2,Size,Miles Price,Source,Source Notes,Seasonal Availability,Mannequin Piece,Version,Style,Label Themes,Villager Equippable,Catalog,Filename,Internal ID,Unique Entry ID
aerobics leggings,Red & pink,No,700,175,Pink,Red,1x1,NA,Kicks,,All Year,No,1.0.0,Active,sporty,No,For sale,SocksTexAerobics0,5197,Smui8G3P6D8WgqK9G
aerobics leggings,Emerald & lime,No,700,175,Green,Light blue,1x1,NA,Kicks,,All Year,No,1.0.0,Active,sporty,No,For sale,SocksTexAerobics1,9794,eZKx89GvGsXcSDiMk
aerobics leggings,Purple & orange,No,700,175,Orange,Purple,1x1,NA,Kicks,,All Year,No,1.0.0,Active,sporty,No,For sale,SocksTexAerobics2,9795,jWvfpeefbhQpHQFoM
aerobics leggings,Light blue & salmon pink,No,700,175,Pink,Light blue,1x1,NA,Kicks,,All Year,No,1.0.0,Active,sporty,No,For sale,SocksTexAerobics3,9796,nYBBFZjyvYjTSN4fD
aerobics leggings,Yellow & blue,No,700,175,Blue,Yellow,1x1,NA,Kicks,,All Year,No,1.0.0,Active,sporty,No,For sale,SocksTexAerobics4,9797,gYqiyt5aP9KjqNnXQ
Aran-knit socks,Beige,No,720,180,Beige,Beige,1x1,NA,Able Sisters,Available from either Mable's temporary shop or Able Sisters shop,Winter,No,1.0.0,Simple,everyday; comfy,No,For sale,SocksTexAlan0,4742,stTCJiLMdhmZ2ztyw
Aran-knit socks,White,No,720,180,White,White,1x1,NA,Able Sisters,Available from either Mable's temporary shop or Able Sisters shop,Winter,No,1.0.0,Simple,everyday; comfy,No,For sale,SocksTexAlan1,9058,XX9wX5KzyENyLGa5e
Aran-knit socks,Red,No,720,180,Red,Red,1x1,NA,Able Sisters,Available from either Mable's temporary shop or Able Sisters shop,Winter,No,1.0.0,Simple,everyday; comfy,No,For sale,SocksTexAlan2,9059,7xkmotJQfLFN6Rohx
Aran-knit socks,Green,No,720,180,Green,Green,1x1,NA,Able Sisters,Available from either Mable's temporary shop or Able Sisters shop,Winter,No,1.0.0,Simple,everyday; comfy,No,For sale,SocksTexAlan3,9060,NH6u8astq42zMebAa
Aran-knit socks,Blue,No,720,180,Blue,Blue,1x1,NA,Able Sisters,Available from either Mable's temporary shop or Able Sisters shop,Winter,No,1.0.0,Simple,everyday; comfy,No,For sale,SocksTexAlan4,9061,Gardfqrryv6SLZSQB
Aran-knit socks,Black,No,720,180,Black,Black,1x1,NA,Able Sisters,Available from either Mable's temporary shop or Able Sisters shop,Winter,No,1.0.0,Simple,everyday; comfy,No,For sale,SocksTexAlan5,9062,pLZq39rKg8rn454r4
argyle crew socks,Blue,No,720,180,Blue,Light blue,1x1,NA,Able Sisters,Available from Able Sisters shop only,All Year,No,1.0.0,Elegant,everyday; formal; work,No,For sale,SocksTexArgyle0,5806,QyJBC6G3E7dzXidaW
argyle crew socks,Red,No,720,180,Red,White,1x1,NA,Able Sisters,Available from Able Sisters shop only,All Year,No,1.0.0,Elegant,everyday; formal; work,No,For sale,SocksTexArgyle1,9921,9MeYsgc2wAGCmj4mC
argyle crew socks,Green,No,720,180,Green,Yellow,1x1,NA,Able Sisters,Available from Able Sisters shop only,All Year,No,1.0.0,Elegant,everyday; formal; work,No,For sale,SocksTexArgyle2,9922,dm4YEXfYftcwG3NB8
argyle crew socks,Beige,No,720,180,Beige,Brown,1x1,NA,Able Sisters,Available from Able Sisters shop only,All Year,No,1.0.0,Elegant,everyday; formal; work,No,For sale,SocksTexArgyle3,9923,KrrN2AHTcePZaMyMo
argyle crew socks,Gray,No,720,180,Gray,Pink,1x1,NA,Able Sisters,Available from Able Sisters shop only,All Year,No,1.0.0,Elegant,everyday; formal; work,No,For sale,SocksTexArgyle4,9924,2LSJz8d2eCLmuyiMg
argyle crew socks,White,No,720,180,White,Red,1x1,NA,Able Sisters,Available from Able Sisters shop only,All Year,No,1.0.0,Elegant,everyday; formal; work,No,For sale,SocksTexArgyle5,9925,dT8t2ZMFSfktJkoDd
argyle crew socks,Orange,No,720,180,Orange,White,1x1,NA,Able Sisters,Available from Able Sisters shop only,All Year,No,1.0.0,Elegant,everyday; formal; work,No,For sale,SocksTexArgyle6,9926,CyRT5FdBTnic9cYrF
argyle crew socks,Pink,No,720,180,Pink,White,1x1,NA,Able Sisters,Available from Able Sisters shop only,All Year,No,1.0.0,Elegant,everyday; formal; work,No,For sale,SocksTexArgyle7,9927,9Gibgt5gRyngn6EuR
back-bow socks,Pink,No,600,150,Pink,Black,1x1,NA,Kicks,,Spring,No,1.0.0,Cute,everyday; fairy tale; party; vacation,No,For sale,SocksTexRibbon0,4718,SerX2gLYQTKxmFi7W
back-bow socks,Yellow,No,600,150,Yellow,Green,1x1,NA,Kicks,,Spring,No,1.0.0,Cute,everyday; fairy tale; party; vacation,No,For sale,SocksTexRibbon1,9053,KE3idPQwqM2kvbNFw
back-bow socks,Black,No,600,150,Black,White,1x1,NA,Kicks,,Spring,No,1.0.0,Cute,everyday; fairy tale; party; vacation,No,For sale,SocksTexRibbon2,9054,NbaHgge5Zf54Y6dQT
back-bow socks,White,No,600,150,White,Pink,1x1,NA,Kicks,,Spring,No,1.0.0,Cute,everyday; fairy tale; party; vacation,No,For sale,SocksTexRibbon3,9055,NXYXEomdp3yqkafZ7
back-bow socks,Blue,No,600,150,Light blue,Yellow,1x1,NA,Kicks,,Spring,No,1.0.0,Cute,everyday; fairy tale; party; vacation,No,For sale,SocksTexRibbon4,9056,ZuzCi6zDF9G9Swfci
back-bow socks,Peacock blue,No,600,150,Green,Pink,1x1,NA,Kicks,,Spring,No,1.0.0,Cute,everyday; fairy tale; party; vacation,No,For sale,SocksTexRibbon5,9057,ju47pefTtHj739pAr
bobby socks,White,No,480,120,White,White,1x1,NA,Able Sisters,Available from either Mable's temporary shop or Able Sisters shop,All Year,Yes,1.0.0,Elegant,formal; work,No,For sale,SocksTexFolded0,5171,aL52HPePkC84gPQup
bobby socks,Gray,No,480,120,Gray,Gray,1x1,NA,Able Sisters,Available from either Mable's temporary shop or Able Sisters shop,All Year,No,1.0.0,Elegant,formal; work,No,For sale,SocksTexFolded1,10017,a9aLEHyXSdpHqYLm8
bobby socks,Black,No,480,120,Black,Black,1x1,NA,Able Sisters,Available from either Mable's temporary shop or Able Sisters shop,All Year,No,1.0.0,Elegant,formal; work,No,For sale,SocksTexFolded2,10018,iby3kB32wD5rkxYod
bobby socks,Brown,No,480,120,Brown,Brown,1x1,NA,Able Sisters,Available from either Mable's temporary shop or Able Sisters shop,All Year,No,1.0.0,Elegant,formal; work,No,For sale,SocksTexFolded3,10019,ZH9uTJSirjyNrH3Qw
color-blocked socks,Purple,No,840,210,Purple,Colorful,1x1,NA,Kicks,,All Year,No,1.0.0,Cute,everyday,No,For sale,SocksTexMultiblock0,5180,5nRBXNdkdjyAjs5RQ
color-blocked socks,Green,No,840,210,Green,Colorful,1x1,NA,Kicks,,All Year,No,1.0.0,Cute,everyday,No,For sale,SocksTexMultiblock1,9895,gSZ3co7FeNLM2DqmZ
color-blocked socks,Brown,No,840,210,Brown,Colorful,1x1,NA,Kicks,,All Year,No,1.0.0,Cute,everyday,No,For sale,SocksTexMultiblock2,9896,tTwmQJF35W2CdDRNL
color-blocked socks,Blue,No,840,210,Blue,Colorful,1x1,NA,Kicks,,All Year,No,1.0.0,Cute,everyday,No,For sale,SocksTexMultiblock3,9897,EKGnqpYcYK5KDre8R
color-blocked socks,Beige,No,840,210,Beige,Colorful,1x1,NA,Kicks,,All Year,No,1.0.0,Cute,everyday,No,For sale,SocksTexMultiblock4,9898,tkbYFgGoKnqAJZ49K
color-blocked socks,White,No,840,210,White,Colorful,1x1,NA,Kicks,,All Year,No,1.0.0,Cute,everyday,No,For sale,SocksTexMultiblock5,9899,bxt6nkbfnX6KEKifX
color-blocked socks,Lime,No,840,210,Green,Colorful,1x1,NA,Kicks,,All Year,No,1.0.0,Cute,everyday,No,For sale,SocksTexMultiblock6,9900,jDEgNFRCGWgFw5hNq
color-blocked socks,Pink,No,840,210,Pink,Colorful,1x1,NA,Kicks,,All Year,No,1.0.0,Cute,everyday,No,For sale,SocksTexMultiblock7,9901,3Y9LcSKLMJbT5YJfH
compression tights,Blue,No,600,150,Black,Blue,1x1,NA,Kicks,,All Year,No,1.0.0,Active,outdoorsy; sporty; work,No,For sale,SocksTexCompression0,5170,Fc8uttzc2hwQM7RKw
compression tights,Yellow,No,600,150,Black,Yellow,1x1,NA,Kicks,,All Year,No,1.0.0,Active,outdoorsy; sporty; work,No,For sale,SocksTexCompression1,9790,otHYAzdH3cf86yKEo
compression tights,Pink,No,600,150,Black,Pink,1x1,NA,Kicks,,All Year,No,1.0.0,Active,outdoorsy; sporty; work,No,For sale,SocksTexCompression2,9791,SsdRjyHarAqc72Kmv
compression tights,Mint,No,600,150,Black,Green,1x1,NA,Kicks,,All Year,No,1.0.0,Active,outdoorsy; sporty; work,No,For sale,SocksTexCompression3,9792,j6AcTLGBGdk9xgThP
compression tights,Red,No,600,150,Black,Red,1x1,NA,Kicks,,All Year,No,1.0.0,Active,outdoorsy; sporty; work,No,For sale,SocksTexCompression4,9793,qrFTn5ab3j4nHqzwd
country socks,Red ribbons,No,720,180,White,Red,1x1,NA,Able Sisters,Available from Able Sisters shop only,All Year,No,1.0.0,Elegant,formal; work,No,For sale,SocksTexCountry0,6044,wgBZqqpZomaTLZhcz
country socks,Green ribbons,No,720,180,White,Green,1x1,NA,Able Sisters,Available from Able Sisters shop only,All Year,No,1.0.0,Elegant,formal; work,No,For sale,SocksTexCountry1,8942,RWpifRdqLmYQL5dGf
country socks,Blue ribbons,No,720,180,White,Blue,1x1,NA,Able Sisters,Available from Able Sisters shop only,All Year,No,1.0.0,Elegant,formal; work,No,For sale,SocksTexCountry2,8943,mDTdqvPWaESchMEGe
country socks,Black ribbons,No,720,180,White,Black,1x1,NA,Able Sisters,Available from Able Sisters shop only,All Year,No,1.0.0,Elegant,formal; work,No,For sale,SocksTexCountry3,8944,ptJF3tBrJxAYRLT5T
crocheted socks,Beige,No,600,150,Beige,Beige,1x1,NA,Able Sisters,Available from either Mable's temporary shop or Able Sisters shop,All Year,No,1.0.0,Elegant,everyday; comfy,No,For sale,SocksTexCrocheting0,5202,phkn7YMAHEZZFyC3L
crocheted socks,Gray,No,600,150,Gray,Gray,1x1,NA,Able Sisters,Available from either Mable's temporary shop or Able Sisters shop,All Year,No,1.0.0,Elegant,everyday; comfy,No,For sale,SocksTexCrocheting1,8939,mopfLb9yhXEj9qXS2
crocheted socks,Purple,No,600,150,Pink,Pink,1x1,NA,Able Sisters,Available from either Mable's temporary shop or Able Sisters shop,All Year,No,1.0.0,Elegant,everyday; comfy,No,For sale,SocksTexCrocheting2,8940,PT7ZGkfTfkvtkBmJx
crocheted socks,Blue,No,600,150,Light blue,Light blue,1x1,NA,Able Sisters,Available from either Mable's temporary shop or Able Sisters shop,All Year,No,1.0.0,Elegant,everyday; comfy,No,For sale,SocksTexCrocheting3,8941,k8aPtaZcFrRZwZvD6
denim leggings,Blue,No,540,135,Blue,Blue,1x1,NA,Able Sisters,Available from either Mable's temporary shop or Able Sisters shop,All Year,No,1.0.0,Simple,everyday; outdoorsy; sporty,No,For sale,SocksTexDenimleggings0,4745,3FSnfcpAYm5Fjbctc
denim leggings,Indigo blue,No,540,135,Blue,Blue,1x1,NA,Able Sisters,Available from either Mable's temporary shop or Able Sisters shop,All Year,Yes,1.0.0,Simple,everyday; outdoorsy; sporty,No,For sale,SocksTexDenimleggings1,9782,zX9ge6E48pkgAtvJG
denim leggings,Saxon blue,No,540,135,Light blue,Light blue,1x1,NA,Able Sisters,Available from either Mable's temporary shop or Able Sisters shop,All Year,No,1.0.0,Simple,everyday; outdoorsy; sporty,No,For sale,SocksTexDenimleggings2,9783,z4ygu9Huw9NGZBeYZ
denim leggings,Light blue,No,540,135,Light blue,Light blue,1x1,NA,Able Sisters,Available from either Mable's temporary shop or Able Sisters shop,All Year,No,1.0.0,Simple,everyday; outdoorsy; sporty,No,For sale,SocksTexDenimleggings3,9784,kJjSEP42iYeHw2XTP
dotted knee-high socks,Black,No,720,180,Black,Black,1x1,NA,Able Sisters,Available from Able Sisters shop only,All Year,Yes,1.0.0,Cute,everyday,No,For sale,SocksTexDotknee0,12174,NvX65fPWJDEAJdBh8
dotted knee-high socks,Yellow,No,720,180,Yellow,Yellow,1x1,NA,Able Sisters,Available from Able Sisters shop only,All Year,No,1.0.0,Cute,everyday,No,For sale,SocksTexDotknee1,12179,2yn8c76aCod8W6H9t
dotted knee-high socks,Cyan,No,720,180,Green,Green,1x1,NA,Able Sisters,Available from Able Sisters shop only,All Year,No,1.0.0,Cute,everyday,No,For sale,SocksTexDotknee2,12180,Kvp83zH2Qcp6XeJro
dotted knee-high socks,Gray,No,720,180,Gray,Gray,1x1,NA,Able Sisters,Available from Able Sisters shop only,All Year,Yes,1.0.0,Cute,everyday,No,For sale,SocksTexDotknee3,12181,wJw3R2v2MKdSepbvE
embroidered-flower tights,Brown,No,1000,250,Brown,Red,1x1,NA,Able Sisters,Available from Able Sisters shop only,All Year,No,1.0.0,Cute,everyday; fairy tale; party,No,For sale,SocksTexEmbroidery0,5204,qAsvxHbnuC6DDNZjG
embroidered-flower tights,Black,No,1000,250,Black,White,1x1,NA,Able Sisters,Available from Able Sisters shop only,All Year,No,1.0.0,Cute,everyday; fairy tale; party,No,For sale,SocksTexEmbroidery1,9907,SiWtz8aTYoK75JfRz
embroidered-flower tights,Green,No,1000,250,Green,Yellow,1x1,NA,Able Sisters,Available from Able Sisters shop only,All Year,No,1.0.0,Cute,everyday; fairy tale; party,No,For sale,SocksTexEmbroidery2,9908,jPQA8CohQNBhSwsiq
embroidered-flower tights,Beige,No,1000,250,Beige,Red,1x1,NA,Able Sisters,Available from Able Sisters shop only,All Year,No,1.0.0,Cute,everyday; fairy tale; party,No,For sale,SocksTexEmbroidery3,9909,fwcHa7FkHcm4BZdYP
embroidered-flower tights,Blue,No,1000,250,Blue,Orange,1x1,NA,Able Sisters,Available from Able Sisters shop only,All Year,No,1.0.0,Cute,everyday; fairy tale; party,No,For sale,SocksTexEmbroidery4,9910,fmZu6dNagF4XW6rvd
embroidered-flower tights,Purple,No,1000,250,Purple,Pink,1x1,NA,Able Sisters,Available from Able Sisters shop only,All Year,No,1.0.0,Cute,everyday; fairy tale; party,No,For sale,SocksTexEmbroidery5,9911,iivtbk5pG2i2asvBC
everyday socks,Brown,No,600,150,Brown,Brown,1x1,NA,Able Sisters,Available from either Mable's temporary shop or Able Sisters shop,All Year,No,1.0.0,Simple,everyday; work,No,For sale,SocksTexDailysocks0,9645,7NubAsby6JGtDjkQE
everyday socks,Black,No,600,150,Black,Black,1x1,NA,Able Sisters,Available from either Mable's temporary shop or Able Sisters shop,All Year,No,1.0.0,Simple,everyday; work,No,For sale,SocksTexDailysocks1,10034,Pe45hBHF5EJnYr9Es
everyday socks,Navy blue,No,600,150,Blue,Blue,1x1,NA,Able Sisters,Available from either Mable's temporary shop or Able Sisters shop,All Year,Yes,1.0.0,Simple,everyday; work,No,For sale,SocksTexDailysocks2,10035,MyTLF7gvqar4TjoR3
everyday socks,Gray,No,600,150,Gray,Gray,1x1,NA,Able Sisters,Available from either Mable's temporary shop or Able Sisters shop,All Year,No,1.0.0,Simple,everyday; work,No,For sale,SocksTexDailysocks3,10036,RYHfit78bZMtfDcGL
everyday socks,Beige,No,600,150,Beige,Beige,1x1,NA,Able Sisters,Available from either Mable's temporary shop or Able Sisters shop,All Year,No,1.0.0,Simple,everyday; work,No,For sale,SocksTexDailysocks4,10037,AjdoBNEpkupPceJ4z
everyday socks,White,No,600,150,White,White,1x1,NA,Able Sisters,Available from either Mable's temporary shop or Able Sisters shop,All Year,Yes,1.0.0,Simple,everyday; work,No,For sale,SocksTexDailysocks5,10038,4s4vWXEwkLbb3efNb
everyday tights,Black,No,720,180,Black,Black,1x1,NA,Able Sisters,Available from either Mable's temporary shop or Able Sisters shop,All Year,Yes,1.0.0,Simple,everyday; work,No,For sale,SocksTexDailytights0,9581,rh6Bpp5D5QL7QXt7F
everyday tights,Light gray,No,720,180,Gray,Gray,1x1,NA,Able Sisters,Available from either Mable's temporary shop or Able Sisters shop,All Year,Yes,1.0.0,Simple,everyday; work,No,For sale,SocksTexDailytights1,9682,GG4hZNfY85kX42aEe
everyday tights,Gray,No,720,180,Gray,Gray,1x1,NA,Able Sisters,Available from either Mable's temporary shop or Able Sisters shop,All Year,Yes,1.0.0,Simple,everyday; work,No,For sale,SocksTexDailytights2,9683,HWnMuGqHxjQLh7yDJ
everyday tights,White,No,720,180,White,White,1x1,NA,Able Sisters,Available from either Mable's temporary shop or Able Sisters shop,All Year,Yes,1.0.0,Simple,everyday; work,No,For sale,SocksTexDailytights3,9684,iENLav487Pt8WgfWk
everyday tights,Navy blue,No,720,180,Blue,Blue,1x1,NA,Able Sisters,Available from either Mable's temporary shop or Able Sisters shop,All Year,Yes,1.0.0,Simple,everyday; work,No,For sale,SocksTexDailytights4,9685,Byc5JuPksWfY4wprE
everyday tights,Beige,No,720,180,Beige,Beige,1x1,NA,Able Sisters,Available from either Mable's temporary shop or Able Sisters shop,All Year,Yes,1.0.0,Simple,everyday; work,No,For sale,SocksTexDailytights5,9686,w9RMWiq6CjrmwWJtN
fishnet tights,Black,No,480,120,Black,Black,1x1,NA,Able Sisters,Available from Able Sisters shop only,All Year,Yes,1.0.0,Elegant,party; theatrical,No,For sale,SocksTexAmitights0,3096,3tL4DiJ9rWHthc9Pk
fishnet tights,White,No,480,120,White,White,1x1,NA,Able Sisters,Available from Able Sisters shop only,All Year,No,1.0.0,Elegant,party; theatrical,No,For sale,SocksTexAmitights1,9659,gsjb2cGwKR3nQswoP
fishnet tights,Red,No,480,120,Red,Red,1x1,NA,Able Sisters,Available from Able Sisters shop only,All Year,No,1.0.0,Elegant,party; theatrical,No,For sale,SocksTexAmitights2,9660,48n6aHZGEPnDEK9jx
flowery-dot tights,White,No,720,180,White,White,1x1,NA,Able Sisters,Available from Able Sisters shop only,All Year,Yes,1.0.0,Elegant,fairy tale; formal; party; theatrical,No,For sale,SocksTexFlowerdot0,5804,PMGBtgwgdqyfgFLGT
flowery-dot tights,Pink,No,720,180,Pink,White,1x1,NA,Able Sisters,Available from Able Sisters shop only,All Year,No,1.0.0,Elegant,fairy tale; formal; party; theatrical,No,For sale,SocksTexFlowerdot1,9917,iPqdJXpkmoQHFa3bk
flowery-dot tights,Blue,No,720,180,Light blue,White,1x1,NA,Able Sisters,Available from Able Sisters shop only,All Year,No,1.0.0,Elegant,fairy tale; formal; party; theatrical,No,For sale,SocksTexFlowerdot2,9918,LQLHZmbq5ooLpTaSc
flowery-dot tights,Yellow,No,720,180,Yellow,White,1x1,NA,Able Sisters,Available from Able Sisters shop only,All Year,No,1.0.0,Elegant,fairy tale; formal; party; theatrical,No,For sale,SocksTexFlowerdot3,9919,MKk8HkGiw8Dm5isEd
flowery-dot tights,Black,No,720,180,Black,Black,1x1,NA,Able Sisters,Available from Able Sisters shop only,All Year,Yes,1.0.0,Elegant,fairy tale; formal; party; theatrical,No,For sale,SocksTexFlowerdot4,9920,Can7JCiG9L8Hm9TDc
frilly knee-high socks,Black,No,840,210,Black,White,1x1,NA,Kicks,,Spring,No,1.0.0,Cute,everyday; fairy tale; party; theatrical,No,For sale,SocksTexFrilledknee0,5172,vmXP6mnS88memLCX4
frilly knee-high socks,Green,No,840,210,Green,White,1x1,NA,Kicks,,Spring,No,1.0.0,Cute,everyday; fairy tale; party; theatrical,No,For sale,SocksTexFrilledknee1,11589,3Q2vgyB7ck687Eyqg
frilly knee-high socks,Red,No,840,210,Red,White,1x1,NA,Kicks,,Spring,No,1.0.0,Cute,everyday; fairy tale; party; theatrical,No,For sale,SocksTexFrilledknee2,11590,xds2s4575YP27vR8A
frilly knee-high socks,Brown,No,840,210,Orange,White,1x1,NA,Kicks,,Spring,No,1.0.0,Cute,everyday; fairy tale; party; theatrical,No,For sale,SocksTexFrilledknee3,11591,JNi4geueh5oD227xR
frilly knee-high socks,Mint,No,840,210,Light blue,White,1x1,NA,Kicks,,Spring,No,1.0.0,Cute,everyday; fairy tale; party; theatrical,No,For sale,SocksTexFrilledknee4,11592,CWTTXCXbYiGajL8GN
frilly knee-high socks,Pink,No,840,210,Pink,White,1x1,NA,Kicks,,Spring,No,1.0.0,Cute,everyday; fairy tale; party; theatrical,No,For sale,SocksTexFrilledknee5,11593,v9tYcuwPdAT7v3wQS
frilly knee-high socks,Purple,No,840,210,Purple,White,1x1,NA,Kicks,,Spring,No,1.0.0,Cute,everyday; fairy tale; party; theatrical,No,For sale,SocksTexFrilledknee6,11594,WXa2dtqHH4yTqi72y
frilly knee-high socks,Yellow,No,840,210,Yellow,White,1x1,NA,Kicks,,Spring,No,1.0.0,Cute,everyday; fairy tale; party; theatrical,No,For sale,SocksTexFrilledknee7,11595,WdGcfiFNT7NYtgr2x
frilly socks,White,No,720,180,White,White,1x1,NA,Able Sisters,Available from Able Sisters shop only,All Year,No,1.0.0,Cute,everyday; fairy tale; formal; party,No,For sale,SocksTexFrilled0,5174,JjfAnWLyzasyYMg3v
frilly socks,Yellow,No,720,180,Yellow,White,1x1,NA,Able Sisters,Available from Able Sisters shop only,All Year,No,1.0.0,Cute,everyday; fairy tale; formal; party,No,For sale,SocksTexFrilled1,8934,riCwe2zM7QyECk3Jr
frilly socks,Pink,No,720,180,Pink,White,1x1,NA,Able Sisters,Available from Able Sisters shop only,All Year,No,1.0.0,Cute,everyday; fairy tale; formal; party,No,For sale,SocksTexFrilled2,8935,eReXG6NHXaQ7K3hBX
frilly socks,Green,No,720,180,Green,White,1x1,NA,Able Sisters,Available from Able Sisters shop only,All Year,No,1.0.0,Cute,everyday; fairy tale; formal; party,No,For sale,SocksTexFrilled3,8936,k4BtF693DbxH33AL6
frilly socks,Purple,No,720,180,Purple,White,1x1,NA,Able Sisters,Available from Able Sisters shop only,All Year,No,1.0.0,Cute,everyday; fairy tale; formal; party,No,For sale,SocksTexFrilled4,8937,RTFEAwp3SBjAFWdd8
frilly socks,Blue,No,720,180,Light blue,White,1x1,NA,Able Sisters,Available from Able Sisters shop only,All Year,No,1.0.0,Cute,everyday; fairy tale; formal; party,No,For sale,SocksTexFrilled5,8938,gQw822wnuA7Cvo7nF
funny-face socks,Pink,No,600,150,Pink,Light blue,1x1,NA,Kicks,,Summer,No,1.0.0,Active,everyday; comfy,No,For sale,SocksTexCharacter0,5406,foRRtKZSXYm9y3rX9
funny-face socks,Blue,No,600,150,Blue,Green,1x1,NA,Kicks,,Summer,No,1.0.0,Active,everyday; comfy,No,For sale,SocksTexCharacter1,9992,y8GCEKe7n9XX2TW4n
funny-face socks,Red,No,600,150,Red,Yellow,1x1,NA,Kicks,,Summer,No,1.0.0,Active,everyday; comfy,No,For sale,SocksTexCharacter2,9993,qSjBCKKdyA4KREoye
funny-face socks,Green,No,600,150,Green,Blue,1x1,NA,Kicks,,Summer,No,1.0.0,Active,everyday; comfy,No,For sale,SocksTexCharacter3,9994,hj2f2Lh4d4ZEWsi6B
funny-face socks,Black,No,600,150,Black,Gray,1x1,NA,Kicks,,Summer,No,1.0.0,Active,everyday; comfy,No,For sale,SocksTexCharacter4,9995,Z325j6mwSX7psKc6s
garter socks,Black,No,980,245,Black,Black,1x1,NA,Kicks,,All Year,No,1.0.0,Cool,formal; party; theatrical,No,For sale,SocksTexGarter0,4747,iwKjqecWcWav7tNss
garter socks,White,No,980,245,White,White,1x1,NA,Kicks,,All Year,No,1.0.0,Cool,formal; party; theatrical,No,For sale,SocksTexGarter1,9661,iDmZtgECn8KRQuAMs
garter socks,Purple,No,980,245,Purple,Purple,1x1,NA,Kicks,,All Year,No,1.0.0,Cool,formal; party; theatrical,No,For sale,SocksTexGarter2,9662,RN674wx6333j9XEHA
garter socks,Red,No,980,245,Red,Red,1x1,NA,Kicks,,All Year,No,1.0.0,Cool,formal; party; theatrical,No,For sale,SocksTexGarter3,9663,88SHPWGpx3C5ft2dv
geometric-print socks,Yellow,No,950,237,Yellow,Colorful,1x1,NA,Able Sisters,Available from Able Sisters shop only,All Year,No,1.0.0,Active,outdoorsy,No,For sale,SocksTexChimayo0,5444,iRLnesjDYbtq9h3KN
geometric-print socks,Peacock blue,No,950,237,Light blue,Colorful,1x1,NA,Able Sisters,Available from Able Sisters shop only,All Year,No,1.0.0,Active,outdoorsy,No,For sale,SocksTexChimayo1,9912,LREKsNHetcJzH6h8w
geometric-print socks,Purple,No,950,237,Purple,Colorful,1x1,NA,Able Sisters,Available from Able Sisters shop only,All Year,No,1.0.0,Active,outdoorsy,No,For sale,SocksTexChimayo2,9913,eLuF389npgRiWzMAS
geometric-print socks,Beige,No,950,237,Beige,Colorful,1x1,NA,Able Sisters,Available from Able Sisters shop only,All Year,No,1.0.0,Active,outdoorsy,No,For sale,SocksTexChimayo3,9914,ssdvzowHC9cjHtC7E
geometric-print socks,Pink,No,950,237,Pink,Colorful,1x1,NA,Able Sisters,Available from Able Sisters shop only,All Year,No,1.0.0,Active,outdoorsy,No,For sale,SocksTexChimayo4,9915,PuAirT3RNJoiq4EsZ
geometric-print socks,Green,No,950,237,Green,Colorful,1x1,NA,Able Sisters,Available from Able Sisters shop only,All Year,No,1.0.0,Active,outdoorsy,No,For sale,SocksTexChimayo5,9916,jiHCobNrHoCB3jBao
hand-knit socks,Green,No,700,175,Green,Green,1x1,NA,Able Sisters,Available from either Mable's temporary shop or Able Sisters shop,All Year,No,1.0.0,Simple,outdoorsy; comfy,No,For sale,SocksTexHandknit0,5196,z54zAKmuyqXF6pRiL
hand-knit socks,Purple,No,700,175,Purple,Purple,1x1,NA,Able Sisters,Available from either Mable's temporary shop or Able Sisters shop,All Year,No,1.0.0,Simple,outdoorsy; comfy,No,For sale,SocksTexHandknit1,9076,j5an4tBSddSdQKoTE
hand-knit socks,Orange,No,700,175,Orange,Orange,1x1,NA,Able Sisters,Available from either Mable's temporary shop or Able Sisters shop,All Year,No,1.0.0,Simple,outdoorsy; comfy,No,For sale,SocksTexHandknit2,9077,digGMqMoQXzCPZHcp
holey socks,Blue,No,NFS,10,Blue,Blue,1x1,NA,Recycle bin,,All Year,No,1.0.0,Simple,goth; comfy,No,Not for sale,SocksTexHole0,5178,eaux4kbxPYywzEPnk
holey socks,Navy blue,No,NFS,10,Blue,Blue,1x1,NA,Recycle bin,,All Year,No,1.0.0,Simple,goth; comfy,No,Not for sale,SocksTexHole1,9070,ekrFBBgdDZN9rCRyX
holey socks,White,No,NFS,10,Beige,Beige,1x1,NA,Recycle bin,,All Year,No,1.0.0,Simple,goth; comfy,No,Not for sale,SocksTexHole2,9071,mCipqhEgf8Co9QRig
holey tights,Black,No,350,87,Black,Black,1x1,NA,Able Sisters,Available from either Mable's temporary shop or Able Sisters shop,All Year,No,1.0.0,Cool,everyday; goth; theatrical,No,For sale,SocksTexHoletights0,5176,CWxgPmSn9NHnRk7n8
holey tights,Pink,No,350,87,Pink,Pink,1x1,NA,Able Sisters,Available from either Mable's temporary shop or Able Sisters shop,All Year,No,1.0.0,Cool,everyday; goth; theatrical,No,For sale,SocksTexHoletights1,9664,kfjtinkEFrk92xCDv
holey tights,Light blue,No,350,87,Light blue,Light blue,1x1,NA,Able Sisters,Available from either Mable's temporary shop or Able Sisters shop,All Year,No,1.0.0,Cool,everyday; goth; theatrical,No,For sale,SocksTexHoletights2,9665,kRb3QxmzBz664qW7k
holey tights,Red,No,350,87,Red,Red,1x1,NA,Able Sisters,Available from either Mable's temporary shop or Able Sisters shop,All Year,Yes,1.0.0,Cool,everyday; goth; theatrical,No,For sale,SocksTexHoletights3,9666,XddtgttTuvd2aGgJz
holey tights,Purple,No,350,87,Purple,Purple,1x1,NA,Able Sisters,Available from either Mable's temporary shop or Able Sisters shop,All Year,No,1.0.0,Cool,everyday; goth; theatrical,No,For sale,SocksTexHoletights4,9667,dwSSLoeYvH4S8Bdvf
holey tights,Green,No,350,87,Green,Green,1x1,NA,Able Sisters,Available from either Mable's temporary shop or Able Sisters shop,All Year,No,1.0.0,Cool,everyday; goth; theatrical,No,For sale,SocksTexHoletights5,9668,HsCb6Xa2yr6KfoP3j
holey tights,Blue,No,350,87,Blue,Blue,1x1,NA,Able Sisters,Available from either Mable's temporary shop or Able Sisters shop,All Year,No,1.0.0,Cool,everyday; goth; theatrical,No,For sale,SocksTexHoletights6,9669,PYaDDkoBgonoD9ZgF
holey tights,Yellow,No,350,87,Yellow,Yellow,1x1,NA,Able Sisters,Available from either Mable's temporary shop or Able Sisters shop,All Year,No,1.0.0,Cool,everyday; goth; theatrical,No,For sale,SocksTexHoletights7,9670,ZZ6wt2b5AyB4R3pEd
kiddie socks,Red & light blue,No,600,150,Red,Light blue,1x1,NA,Kicks,,All Year,No,1.0.0,Cute,everyday; outdoorsy; comfy; sporty,No,For sale,SocksTexKids0,5201,5mqGef4h29DktRP5J
kiddie socks,Blue & orange,No,600,150,Blue,Orange,1x1,NA,Kicks,,All Year,No,1.0.0,Cute,everyday; outdoorsy; comfy; sporty,No,For sale,SocksTexKids1,9985,caua8mbapACdisDuE
kiddie socks,Lime & pink,No,600,150,Green,Pink,1x1,NA,Kicks,,All Year,No,1.0.0,Cute,everyday; outdoorsy; comfy; sporty,No,For sale,SocksTexKids2,9986,rKW7PLjcnQTJmxLpj
kiddie socks,Yellow & purple,No,600,150,Yellow,Purple,1x1,NA,Kicks,,All Year,No,1.0.0,Cute,everyday; outdoorsy; comfy; sporty,No,For sale,SocksTexKids3,9987,CR4KZHwxdFpshqtRN
kiddie socks,Light blue & red,No,600,150,Light blue,Red,1x1,NA,Kicks,,All Year,No,1.0.0,Cute,everyday; outdoorsy; comfy; sporty,No,For sale,SocksTexKids4,9988,LFgFyfPHF5DCtB2Mg
kiddie socks,Purple & green,No,600,150,Purple,Green,1x1,NA,Kicks,,All Year,No,1.0.0,Cute,everyday; outdoorsy; comfy; sporty,No,For sale,SocksTexKids5,9989,Q5ppLfq9eAyh5CiDd
kiddie socks,Pink & yellow,No,600,150,Pink,Yellow,1x1,NA,Kicks,,All Year,No,1.0.0,Cute,everyday; outdoorsy; comfy; sporty,No,For sale,SocksTexKids6,9990,uDAkFWgcMBdTxrpe7
kiddie socks,Black & gray,No,600,150,Black,Gray,1x1,NA,Kicks,,All Year,No,1.0.0,Cute,everyday; outdoorsy; comfy; sporty,No,For sale,SocksTexKids7,9991,JYXCDdJSMofR4Fhgn
Labelle socks,Twilight,No,940,235,Purple,Purple,1x1,NA,Labelle,,All Year,No,1.0.0,Cool,everyday; formal; sporty; theatrical,No,For sale,SocksTexKatesocks0,9883,hyhRxPjBSZAvnxQjr
Labelle socks,Midnight,No,940,235,Black,Black,1x1,NA,Labelle,,All Year,No,1.0.0,Cool,everyday; formal; sporty; theatrical,No,For sale,SocksTexKatesocks1,11761,ZaX5Gyb34Kwj9bzLn
Labelle socks,Passion,No,940,235,Red,Red,1x1,NA,Labelle,,All Year,No,1.0.0,Cool,everyday; formal; sporty; theatrical,No,For sale,SocksTexKatesocks2,11762,b7JBgeuAoWuwhKc9b
Labelle socks,Ocean,No,940,235,Blue,Blue,1x1,NA,Labelle,,All Year,No,1.0.0,Cool,everyday; formal; sporty; theatrical,No,For sale,SocksTexKatesocks3,11763,RdoRnCSw4FpEXci5s
Labelle socks,Sunset,No,940,235,Yellow,Yellow,1x1,NA,Labelle,,All Year,No,1.0.0,Cool,everyday; formal; sporty; theatrical,No,For sale,SocksTexKatesocks4,11764,bkDdwmPfGjYDQvo3b
Labelle socks,Love,No,940,235,Pink,Pink,1x1,NA,Labelle,,All Year,No,1.0.0,Cool,everyday; formal; sporty; theatrical,No,For sale,SocksTexKatesocks5,11765,zSHmRiEPN4emdp2Bg
Labelle tights,Twilight,No,1240,310,Purple,Purple,1x1,NA,Labelle,,All Year,No,1.0.0,Elegant,everyday; formal; party; theatrical,No,For sale,SocksTexKatetights0,9882,dL7xeqfcNGRcayR59
Labelle tights,Midnight,No,1240,310,Black,Black,1x1,NA,Labelle,,All Year,No,1.0.0,Elegant,everyday; formal; party; theatrical,No,For sale,SocksTexKatetights1,11756,s9SheWRC6wvujqCQp
Labelle tights,Passion,No,1240,310,Red,Red,1x1,NA,Labelle,,All Year,No,1.0.0,Elegant,everyday; formal; party; theatrical,No,For sale,SocksTexKatetights2,11757,epohpktM92yF7bhcB
Labelle tights,Ocean,No,1240,310,Blue,Blue,1x1,NA,Labelle,,All Year,No,1.0.0,Elegant,everyday; formal; party; theatrical,No,For sale,SocksTexKatetights3,11758,MAHpTyaE9sPCXsKpb
Labelle tights,Sunset,No,1240,310,Orange,Orange,1x1,NA,Labelle,,All Year,No,1.0.0,Elegant,everyday; formal; party; theatrical,No,For sale,SocksTexKatetights4,11759,e5f9rJg8Qo56X6xpo
Labelle tights,Love,No,1240,310,Pink,Pink,1x1,NA,Labelle,,All Year,No,1.0.0,Elegant,everyday; formal; party; theatrical,No,For sale,SocksTexKatetights5,11760,zrQngGimLZz9HNpck
lace socks,White,No,720,180,White,White,1x1,NA,Able Sisters,Available from Able Sisters shop only,All Year,No,1.0.0,Elegant,everyday; fairy tale; formal; party,No,For sale,SocksTexLace0,5173,qRGNuwPJJS3YyWe7w
lace socks,Pink,No,720,180,Pink,White,1x1,NA,Able Sisters,Available from Able Sisters shop only,All Year,No,1.0.0,Elegant,everyday; fairy tale; formal; party,No,For sale,SocksTexLace1,8931,HMyTxrLsMc3PkSPXN
lace socks,Green,No,720,180,Green,White,1x1,NA,Able Sisters,Available from Able Sisters shop only,All Year,No,1.0.0,Elegant,everyday; fairy tale; formal; party,No,For sale,SocksTexLace2,8932,zFT2DpYJPacGNEAP4
lace socks,Black,No,720,180,Black,White,1x1,NA,Able Sisters,Available from Able Sisters shop only,All Year,No,1.0.0,Elegant,everyday; fairy tale; formal; party,No,For sale,SocksTexLace3,8933,86Y8rtryieE8cCHcS
lace socks,Beige,No,720,180,Beige,White,1x1,NA,Able Sisters,Available from Able Sisters shop only,All Year,No,1.0.0,Elegant,everyday; fairy tale; formal; party,No,For sale,SocksTexLace4,10170,2wWiCEyFpcC64yLJz
layered socks,Purple,No,720,180,Gray,Purple,1x1,NA,Able Sisters,Available from Able Sisters shop only,Winter,No,1.0.0,Simple,everyday; comfy,No,For sale,SockstTexOverlapping0,5195,2am8FTEZehx7t7nh7
layered socks,Blue,No,720,180,Gray,Blue,1x1,NA,Able Sisters,Available from Able Sisters shop only,Winter,No,1.0.0,Simple,everyday; comfy,No,For sale,SockstTexOverlapping1,9902,pYcz36NuF4WtFs6nd
layered socks,Yellow,No,720,180,Gray,Yellow,1x1,NA,Able Sisters,Available from Able Sisters shop only,Winter,No,1.0.0,Simple,everyday; comfy,No,For sale,SockstTexOverlapping2,9903,f8f8oNrhxiA3WCZwn
layered socks,Green,No,720,180,Gray,Green,1x1,NA,Able Sisters,Available from Able Sisters shop only,Winter,Yes,1.0.0,Simple,everyday; comfy,No,For sale,SockstTexOverlapping3,9904,v5xsCzumBt8AQxD2q
layered socks,Red,No,720,180,Gray,Red,1x1,NA,Able Sisters,Available from Able Sisters shop only,Winter,No,1.0.0,Simple,everyday; comfy,No,For sale,SockstTexOverlapping4,9905,dtFsbH6p5a4dPufKx
layered socks,Orange,No,720,180,Gray,Orange,1x1,NA,Able Sisters,Available from Able Sisters shop only,Winter,No,1.0.0,Simple,everyday; comfy,No,For sale,SockstTexOverlapping5,9906,3wugeZu3eS3Kq5Mfz
leg warmers,Purple,No,440,110,Purple,Purple,1x1,NA,Able Sisters,Available from either Mable's temporary shop or Able Sisters shop,Winter,No,1.0.0,Active,outdoorsy; comfy,No,For sale,SocksTexLegwarmer0,5169,XfT3B4xa9sbPq9SXo
leg warmers,Black,No,440,110,Black,Black,1x1,NA,Able Sisters,Available from either Mable's temporary shop or Able Sisters shop,Winter,No,1.0.0,Active,outdoorsy; comfy,No,For sale,SocksTexLegwarmer1,9785,7SjdceMm9EBftH999
leg warmers,Gray,No,440,110,Gray,Gray,1x1,NA,Able Sisters,Available from either Mable's temporary shop or Able Sisters shop,Winter,No,1.0.0,Active,outdoorsy; comfy,No,For sale,SocksTexLegwarmer2,9786,MRYbYyEpPpwCHQC6K
leg warmers,Pink,No,440,110,Pink,Pink,1x1,NA,Able Sisters,Available from either Mable's temporary shop or Able Sisters shop,Winter,No,1.0.0,Active,outdoorsy; comfy,No,For sale,SocksTexLegwarmer3,9787,YbGujwbC62LKu4EJX
leg warmers,Light purple,No,440,110,Purple,Purple,1x1,NA,Able Sisters,Available from either Mable's temporary shop or Able Sisters shop,Winter,No,1.0.0,Active,outdoorsy; comfy,No,For sale,SocksTexLegwarmer4,9788,HsxzpQQSheGZLynvt
leg warmers,Blue,No,440,110,Blue,Blue,1x1,NA,Able Sisters,Available from either Mable's temporary shop or Able Sisters shop,Winter,No,1.0.0,Active,outdoorsy; comfy,No,For sale,SocksTexLegwarmer5,9789,pLsudAtibb4CcFrXA
mixed-tweed socks,Red,No,800,200,Red,Red,1x1,NA,Able Sisters,Available from either Mable's temporary shop or Able Sisters shop,All Year,No,1.0.0,Simple,everyday; comfy,No,For sale,SocksTexMixtweed0,5168,owfZHfF53LSDDc9oY
mixed-tweed socks,Avocado,No,800,200,Green,Green,1x1,NA,Able Sisters,Available from either Mable's temporary shop or Able Sisters shop,All Year,Yes,1.0.0,Simple,everyday; comfy,No,For sale,SocksTexMixtweed1,9063,Sm9A7YY3Cop9SL2SL
mixed-tweed socks,Light blue,No,800,200,Light blue,Light blue,1x1,NA,Able Sisters,Available from either Mable's temporary shop or Able Sisters shop,All Year,No,1.0.0,Simple,everyday; comfy,No,For sale,SocksTexMixtweed2,9064,g8E79aFTJFqNSWkHa
mixed-tweed socks,Purple,No,800,200,Purple,Purple,1x1,NA,Able Sisters,Available from either Mable's temporary shop or Able Sisters shop,All Year,No,1.0.0,Simple,everyday; comfy,No,For sale,SocksTexMixtweed3,9065,zYKg8nbNZ4yiK8MRo
mixed-tweed socks,Blue,No,800,200,Blue,Blue,1x1,NA,Able Sisters,Available from either Mable's temporary shop or Able Sisters shop,All Year,No,1.0.0,Simple,everyday; comfy,No,For sale,SocksTexMixtweed4,9066,8zXuSD5mWeqWx9Ya3
mixed-tweed socks,Orange,No,800,200,Orange,Orange,1x1,NA,Able Sisters,Available from either Mable's temporary shop or Able Sisters shop,All Year,No,1.0.0,Simple,everyday; comfy,No,For sale,SocksTexMixtweed5,9067,rKn2vigLdAKyp78pT
mixed-tweed socks,Lime,No,800,200,Yellow,Yellow,1x1,NA,Able Sisters,Available from either Mable's temporary shop or Able Sisters shop,All Year,No,1.0.0,Simple,everyday; comfy,No,For sale,SocksTexMixtweed6,9068,pYazqm8irTwb5jLvL
mixed-tweed socks,Pink,No,800,200,Beige,Beige,1x1,NA,Able Sisters,Available from either Mable's temporary shop or Able Sisters shop,All Year,No,1.0.0,Simple,everyday; comfy,No,For sale,SocksTexMixtweed7,9069,cdQLDmrQGmcMsDCyB
neon leggings,Yellow,No,540,135,Yellow,Orange,1x1,NA,Able Sisters,Available from either Mable's temporary shop or Able Sisters shop,All Year,No,1.0.0,Active,outdoorsy; party; theatrical,No,For sale,SocksTexNeonleggings0,9586,RLSZDLNbLG83GjLLK
neon leggings,Pink,No,540,135,Pink,Purple,1x1,NA,Able Sisters,Available from either Mable's temporary shop or Able Sisters shop,All Year,Yes,1.0.0,Active,outdoorsy; party; theatrical,No,For sale,SocksTexNeonleggings1,9808,m3yXnPxG2S67TTXiP
neon leggings,Orange,No,540,135,Orange,Pink,1x1,NA,Able Sisters,Available from either Mable's temporary shop or Able Sisters shop,All Year,No,1.0.0,Active,outdoorsy; party; theatrical,No,For sale,SocksTexNeonleggings2,9809,nWcu7nF4Mm3GAaFuz
neon leggings,Green,No,540,135,Green,Light blue,1x1,NA,Able Sisters,Available from either Mable's temporary shop or Able Sisters shop,All Year,No,1.0.0,Active,outdoorsy; party; theatrical,No,For sale,SocksTexNeonleggings3,9810,CiRdadkZ8CZHGSLWr
neon leggings,Purple,No,540,135,Purple,Blue,1x1,NA,Able Sisters,Available from either Mable's temporary shop or Able Sisters shop,All Year,No,1.0.0,Active,outdoorsy; party; theatrical,No,For sale,SocksTexNeonleggings4,9811,tYx44vCXssquakWKM
neon tights,Yellow,No,720,180,Yellow,Orange,1x1,NA,Able Sisters,Available from either Mable's temporary shop or Able Sisters shop,All Year,No,1.0.0,Active,party; theatrical,No,For sale,SocksTexNeontights0,9583,ribe86zk8CSeDJcNX
neon tights,Pink,No,720,180,Pink,Purple,1x1,NA,Able Sisters,Available from either Mable's temporary shop or Able Sisters shop,All Year,No,1.0.0,Active,party; theatrical,No,For sale,SocksTexNeontights1,9694,W49nhK8ikKp6iSa5a
neon tights,Orange,No,720,180,Orange,Pink,1x1,NA,Able Sisters,Available from either Mable's temporary shop or Able Sisters shop,All Year,Yes,1.0.0,Active,party; theatrical,No,For sale,SocksTexNeontights2,9695,pXXmML69f4b9sRPsa
neon tights,Green,No,720,180,Green,Light blue,1x1,NA,Able Sisters,Available from either Mable's temporary shop or Able Sisters shop,All Year,Yes,1.0.0,Active,party; theatrical,No,For sale,SocksTexNeontights3,9696,eQLqwi3PDf8SvShDJ
neon tights,Purple,No,720,180,Purple,Blue,1x1,NA,Able Sisters,Available from either Mable's temporary shop or Able Sisters shop,All Year,No,1.0.0,Active,party; theatrical,No,For sale,SocksTexNeontights4,9697,rqxeHWvFkEJxeELii
no-show socks,Gray,No,480,120,Gray,Black,1x1,NA,Able Sisters,Available from either Mable's temporary shop or Able Sisters shop,All Year,Yes,1.0.0,Simple,everyday; outdoorsy; comfy; sporty,No,For sale,SocksTexSneakerin0,4741,23uqWuWmWfQc9SZrT
no-show socks,White,No,480,120,White,Red,1x1,NA,Able Sisters,Available from either Mable's temporary shop or Able Sisters shop,All Year,Yes,1.0.0,Simple,everyday; outdoorsy; comfy; sporty,No,For sale,SocksTexSneakerin1,10003,nsnHnWq7HcCK3dSS5
no-show socks,Berry red,No,480,120,Red,Gray,1x1,NA,Able Sisters,Available from either Mable's temporary shop or Able Sisters shop,All Year,No,1.0.0,Simple,everyday; outdoorsy; comfy; sporty,No,For sale,SocksTexSneakerin2,10004,RSdqLjfMrxzg6Nmij
no-show socks,Light blue,No,480,120,Light blue,White,1x1,NA,Able Sisters,Available from either Mable's temporary shop or Able Sisters shop,All Year,Yes,1.0.0,Simple,everyday; outdoorsy; comfy; sporty,No,For sale,SocksTexSneakerin3,10005,YvFWc5QiCGCypwRRn
no-show socks,Orange,No,480,120,Orange,Purple,1x1,NA,Able Sisters,Available from either Mable's temporary shop or Able Sisters shop,All Year,No,1.0.0,Simple,everyday; outdoorsy; comfy; sporty,No,For sale,SocksTexSneakerin4,10006,QWGErd9MjKGGs4iPK
no-show socks,Green,No,480,120,Green,Blue,1x1,NA,Able Sisters,Available from either Mable's temporary shop or Able Sisters shop,All Year,No,1.0.0,Simple,everyday; outdoorsy; comfy; sporty,No,For sale,SocksTexSneakerin5,10007,w7siY5WWvHdgEhgHS
no-show socks,Navy blue,No,480,120,Blue,Yellow,1x1,NA,Able Sisters,Available from either Mable's temporary shop or Able Sisters shop,All Year,No,1.0.0,Simple,everyday; outdoorsy; comfy; sporty,No,For sale,SocksTexSneakerin6,10008,8ttfsejMHiMv72kta
no-show socks,Yellow,No,480,120,Yellow,Light blue,1x1,NA,Able Sisters,Available from either Mable's temporary shop or Able Sisters shop,All Year,No,1.0.0,Simple,everyday; outdoorsy; comfy; sporty,No,For sale,SocksTexSneakerin7,10009,58eK8s82q6PQojHbZ
Nook Inc. socks,Yellow,No,NFS,2000,Yellow,Orange,1x1,400,Nook Miles Shop,,All Year,No,1.0.0,Active,everyday; outdoorsy; comfy,No,Not for sale,SocksTexBorderRco,5629,9aX93qfqKjkA3Ah4F
nordic socks,Navy blue,No,840,210,Blue,Black,1x1,NA,Able Sisters,Available from either Mable's temporary shop or Able Sisters shop,Winter,No,1.0.0,Elegant,everyday; outdoorsy; comfy,No,For sale,SocksTexNordic0,4748,YQkah68GuwuXS2Gnv
nordic socks,Ivory,No,840,210,Beige,Black,1x1,NA,Able Sisters,Available from either Mable's temporary shop or Able Sisters shop,Winter,No,1.0.0,Elegant,everyday; outdoorsy; comfy,No,For sale,SocksTexNordic1,9889,HKdHEfY4v8cpzdGT2
nordic socks,Red,No,840,210,Red,Black,1x1,NA,Able Sisters,Available from either Mable's temporary shop or Able Sisters shop,Winter,Yes,1.0.0,Elegant,everyday; outdoorsy; comfy,No,For sale,SocksTexNordic2,9890,yKLbboCACLCSWPHmw
nordic socks,Blue,No,840,210,Blue,Black,1x1,NA,Able Sisters,Available from either Mable's temporary shop or Able Sisters shop,Winter,No,1.0.0,Elegant,everyday; outdoorsy; comfy,No,For sale,SocksTexNordic3,9891,x493oaGe4pAqW8Tue
nordic socks,Gray,No,840,210,Gray,Black,1x1,NA,Able Sisters,Available from either Mable's temporary shop or Able Sisters shop,Winter,No,1.0.0,Elegant,everyday; outdoorsy; comfy,No,For sale,SocksTexNordic4,9892,MBjHJKaxWHn8hJyeQ
nordic socks,Green,No,840,210,Green,Black,1x1,NA,Able Sisters,Available from either Mable's temporary shop or Able Sisters shop,Winter,Yes,1.0.0,Elegant,everyday; outdoorsy; comfy,No,For sale,SocksTexNordic5,9893,d9PWq3zpaRggPoN8R
nordic socks,Light blue,No,840,210,Light blue,Black,1x1,NA,Able Sisters,Available from either Mable's temporary shop or Able Sisters shop,Winter,No,1.0.0,Elegant,everyday; outdoorsy; comfy,No,For sale,SocksTexNordic6,9894,QAMoumSd9Fv7CwA6m
patterned stockings,Black,No,940,235,Black,Black,1x1,NA,Able Sisters,Available from Able Sisters shop only,All Year,Yes,1.0.0,Elegant,everyday; formal; party; theatrical,No,For sale,SocksTexStripedot0,6046,MPuQ9PxnjGgBdR4cr
patterned stockings,White,No,940,235,White,White,1x1,NA,Able Sisters,Available from Able Sisters shop only,All Year,No,1.0.0,Elegant,everyday; formal; party; theatrical,No,For sale,SocksTexStripedot1,9674,bbZrafLMe87ifZ6yK
pom-pom socks,Pink,No,720,180,Pink,White,1x1,NA,Able Sisters,Available from Able Sisters shop only,Winter,No,1.0.0,Cute,everyday; fairy tale; comfy,No,For sale,SocksTexBobble0,5179,xTxpqcYovDS7R4brm
pom-pom socks,Blue,No,720,180,Light blue,White,1x1,NA,Able Sisters,Available from Able Sisters shop only,Winter,No,1.0.0,Cute,everyday; fairy tale; comfy,No,For sale,SocksTexBobble1,9072,X2Esyxf48CNDo7aS5
pom-pom socks,Green,No,720,180,Green,White,1x1,NA,Able Sisters,Available from Able Sisters shop only,Winter,No,1.0.0,Cute,everyday; fairy tale; comfy,No,For sale,SocksTexBobble2,9073,sJ4i4vbxAsffiM4PS
pom-pom socks,Orange,No,720,180,Orange,White,1x1,NA,Able Sisters,Available from Able Sisters shop only,Winter,No,1.0.0,Cute,everyday; fairy tale; comfy,No,For sale,SocksTexBobble3,9074,7cX6yDzovZqcytqYq
pom-pom socks,Purple,No,720,180,Purple,White,1x1,NA,Able Sisters,Available from Able Sisters shop only,Winter,No,1.0.0,Cute,everyday; fairy tale; comfy,No,For sale,SocksTexBobble4,9075,p8pAsGdvNt3MhZJvQ
puckered socks,Mustard,No,600,150,Orange,Orange,1x1,NA,Able Sisters,Available from Able Sisters shop only,All Year,No,1.0.0,Elegant,everyday,No,For sale,SocksTexPucker0,5198,jHhnoh4uTuxvfrRoR
puckered socks,Red,No,600,150,Red,Red,1x1,NA,Able Sisters,Available from Able Sisters shop only,All Year,No,1.0.0,Elegant,everyday,No,For sale,SocksTexPucker1,9078,tqbtYmMFqJea5Ly4H
puckered socks,Blue,No,600,150,Blue,Blue,1x1,NA,Able Sisters,Available from Able Sisters shop only,All Year,No,1.0.0,Elegant,everyday,No,For sale,SocksTexPucker2,9079,Qjs7aEzAyXkYiEx2j
puckered socks,Green,No,600,150,Green,Green,1x1,NA,Able Sisters,Available from Able Sisters shop only,All Year,No,1.0.0,Elegant,everyday,No,For sale,SocksTexPucker3,9080,CBvB7JPEmJTEfBqHG
puckered socks,Purple,No,600,150,Purple,Purple,1x1,NA,Able Sisters,Available from Able Sisters shop only,All Year,No,1.0.0,Elegant,everyday,No,For sale,SocksTexPucker4,9081,pEZh2BMo5Ht2z4Qdn
running tights,Pink,No,550,137,Black,Pink,1x1,NA,Able Sisters,Available from either Mable's temporary shop or Able Sisters shop,All Year,No,1.0.0,Active,outdoorsy; sporty; work,No,For sale,SocksTexRun0,5214,vtfGv2xygxLpzEQ6c
running tights,Yellow,No,550,137,Black,Yellow,1x1,NA,Able Sisters,Available from either Mable's temporary shop or Able Sisters shop,All Year,No,1.0.0,Active,outdoorsy; sporty; work,No,For sale,SocksTexRun1,9798,7cbeNaN77kh4PSrbn
running tights,Blue,No,550,137,Black,Blue,1x1,NA,Able Sisters,Available from either Mable's temporary shop or Able Sisters shop,All Year,Yes,1.0.0,Active,outdoorsy; sporty; work,No,For sale,SocksTexRun2,9799,4tutx5H5HC9TNWmFn
running tights,Green,No,550,137,Black,Green,1x1,NA,Able Sisters,Available from either Mable's temporary shop or Able Sisters shop,All Year,No,1.0.0,Active,outdoorsy; sporty; work,No,For sale,SocksTexRun3,9800,4HnvYfdvg6WwwBz9u
semi-opaque socks,Green,No,480,120,Green,Green,1x1,NA,Able Sisters,Available from Able Sisters shop only,All Year,No,1.0.0,Elegant,everyday,No,For sale,SocksTexNuancesocks0,9644,aDd9YECbDwxmdtYRN
semi-opaque socks,Red,No,480,120,Red,Red,1x1,NA,Able Sisters,Available from Able Sisters shop only,All Year,No,1.0.0,Elegant,everyday,No,For sale,SocksTexNuancesocks1,10027,9y7L6GWXoiMhXgsnf
semi-opaque socks,Blue,No,480,120,Blue,Blue,1x1,NA,Able Sisters,Available from Able Sisters shop only,All Year,No,1.0.0,Elegant,everyday,No,For sale,SocksTexNuancesocks2,10028,cuQ2Efgb8W3eYPQMr
semi-opaque socks,Navy blue,No,480,120,Purple,Purple,1x1,NA,Able Sisters,Available from Able Sisters shop only,All Year,No,1.0.0,Elegant,everyday,No,For sale,SocksTexNuancesocks3,10029,sqE8jqYCHjdpHJLD5
semi-opaque socks,Purple,No,480,120,Pink,Pink,1x1,NA,Able Sisters,Available from Able Sisters shop only,All Year,No,1.0.0,Elegant,everyday,No,For sale,SocksTexNuancesocks4,10030,fm5LhL9MfomtYc46n
semi-opaque socks,Camel,No,480,120,Yellow,Yellow,1x1,NA,Able Sisters,Available from Able Sisters shop only,All Year,No,1.0.0,Elegant,everyday,No,For sale,SocksTexNuancesocks5,10031,KLmZ9YcLY8dcH3nxQ
semi-opaque socks,Avocado,No,480,120,Green,Green,1x1,NA,Able Sisters,Available from Able Sisters shop only,All Year,No,1.0.0,Elegant,everyday,No,For sale,SocksTexNuancesocks6,10032,eDjvXAE53RX4Y4uRb
semi-opaque socks,Brown,No,480,120,Brown,Brown,1x1,NA,Able Sisters,Available from Able Sisters shop only,All Year,No,1.0.0,Elegant,everyday,No,For sale,SocksTexNuancesocks7,10033,seWE9o2TE28kpMDjm
semi-opaque tights,Brown,No,720,180,Orange,Orange,1x1,NA,Able Sisters,Available from Able Sisters shop only,All Year,No,1.0.0,Elegant,everyday,No,For sale,SocksTexNuancetights0,9580,4tvCsLmAJBucyRFh4
semi-opaque tights,Yellow,No,720,180,Yellow,Yellow,1x1,NA,Able Sisters,Available from Able Sisters shop only,All Year,No,1.0.0,Elegant,everyday,No,For sale,SocksTexNuancetights1,9675,wrzsLNreDDJSx9rcv
semi-opaque tights,Green,No,720,180,Green,Green,1x1,NA,Able Sisters,Available from Able Sisters shop only,All Year,No,1.0.0,Elegant,everyday,No,For sale,SocksTexNuancetights2,9676,dybLNTRi3jQvD8Tdq
semi-opaque tights,Purple,No,720,180,Purple,Purple,1x1,NA,Able Sisters,Available from Able Sisters shop only,All Year,No,1.0.0,Elegant,everyday,No,For sale,SocksTexNuancetights3,9677,TQaSHhuiZi36xa2Jx
semi-opaque tights,Blue,No,720,180,Blue,Blue,1x1,NA,Able Sisters,Available from Able Sisters shop only,All Year,Yes,1.0.0,Elegant,everyday,No,For sale,SocksTexNuancetights4,9678,GtaHiEpq7oDHgytbC
semi-opaque tights,Pink,No,720,180,Pink,Pink,1x1,NA,Able Sisters,Available from Able Sisters shop only,All Year,No,1.0.0,Elegant,everyday,No,For sale,SocksTexNuancetights5,9679,g4dSGvzNvZLb5woZ2
semi-opaque tights,Red,No,720,180,Red,Red,1x1,NA,Able Sisters,Available from Able Sisters shop only,All Year,No,1.0.0,Elegant,everyday,No,For sale,SocksTexNuancetights6,9680,SG5Y2GgkbZ3bfrKzG
semi-opaque tights,Yellow-green,No,720,180,Green,Green,1x1,NA,Able Sisters,Available from Able Sisters shop only,All Year,No,1.0.0,Elegant,everyday,No,For sale,SocksTexNuancetights7,9681,Z36xyWkyy3QY6egTc
sequin leggings,Pink,No,940,235,Pink,Pink,1x1,NA,Kicks,,All Year,No,1.0.0,Gorgeous,party; theatrical,No,For sale,SocksTexSequins0,4743,pKRC3yY3R5RkyxY5x
sequin leggings,Red,No,940,235,Red,Red,1x1,NA,Kicks,,All Year,No,1.0.0,Gorgeous,party; theatrical,No,For sale,SocksTexSequins1,11580,Jk6c6Hi3y4tWEsGmb
sequin leggings,Black,No,940,235,Black,Black,1x1,NA,Kicks,,All Year,No,1.0.0,Gorgeous,party; theatrical,No,For sale,SocksTexSequins2,11581,LYwjTYKtgGPanWj78
sequin leggings,Yellow,No,940,235,Yellow,Yellow,1x1,NA,Kicks,,All Year,No,1.0.0,Gorgeous,party; theatrical,No,For sale,SocksTexSequins3,11582,Esh9SXsXcdtLvBaNY
sequin leggings,White,No,940,235,White,White,1x1,NA,Kicks,,All Year,No,1.0.0,Gorgeous,party; theatrical,No,For sale,SocksTexSequins4,11583,Mp6tw5WGZKDfC3r9Q
sequin leggings,Blue,No,940,235,Blue,Blue,1x1,NA,Kicks,,All Year,No,1.0.0,Gorgeous,party; theatrical,No,For sale,SocksTexSequins5,11584,CN7jyWoBhp9yTgyC6
sequin leggings,Purple,No,940,235,Purple,Purple,1x1,NA,Kicks,,All Year,No,1.0.0,Gorgeous,party; theatrical,No,For sale,SocksTexSequins6,11585,NQtAZA8S9JxtKcuvJ
sequin leggings,Green,No,940,235,Green,Green,1x1,NA,Kicks,,All Year,No,1.0.0,Gorgeous,party; theatrical,No,For sale,SocksTexSequins7,11586,J53GKGigQmiYbR92q
sheer socks,Blue,No,600,150,Blue,Blue,1x1,NA,Kicks,,Fall,No,1.0.0,Elegant,everyday; formal; party,No,For sale,SocksTexSeethrough0,5812,nMjTv2ajZrHaFzWcJ
sheer socks,Berry red,No,600,150,Red,Red,1x1,NA,Kicks,,Fall,No,1.0.0,Elegant,everyday; formal; party,No,For sale,SocksTexSeethrough1,9928,vwEun3iFbpAxkN9YM
sheer socks,Brown,No,600,150,Brown,Brown,1x1,NA,Kicks,,Fall,No,1.0.0,Elegant,everyday; formal; party,No,For sale,SocksTexSeethrough2,9929,Yg79sKrkCuNmim6Lh
sheer socks,Green,No,600,150,Green,Green,1x1,NA,Kicks,,Fall,No,1.0.0,Elegant,everyday; formal; party,No,For sale,SocksTexSeethrough3,9930,j7pziPZTkZveBAuPv
sheer socks,Olive,No,600,150,Green,Green,1x1,NA,Kicks,,Fall,No,1.0.0,Elegant,everyday; formal; party,No,For sale,SocksTexSeethrough4,9931,WNq5e8Fxyh8xiXGQx
sheer socks,Gray,No,600,150,Gray,Gray,1x1,NA,Kicks,,Fall,No,1.0.0,Elegant,everyday; formal; party,No,For sale,SocksTexSeethrough5,9932,38sduqDDHJFtnAfuF
simple knee-high socks,Pink,No,600,150,Pink,Pink,1x1,NA,Kicks,,All Year,No,1.0.0,Cute,everyday,No,For sale,SocksTexSimpleknee0,12175,zFnCYaxy784dqgR64
simple knee-high socks,White,No,600,150,White,White,1x1,NA,Kicks,,All Year,No,1.0.0,Cute,everyday,No,For sale,SocksTexSimpleknee1,12182,XtJFPeWuftyf2oPz4
simple knee-high socks,Red,No,600,150,Red,Red,1x1,NA,Kicks,,All Year,No,1.0.0,Cute,everyday,No,For sale,SocksTexSimpleknee2,12183,RGA5qnS5QpyYE9YMo
simple knee-high socks,Blue,No,600,150,Light blue,Light blue,1x1,NA,Kicks,,All Year,No,1.0.0,Cute,everyday,No,For sale,SocksTexSimpleknee3,12184,SxXnBrRAxfq3x28sc
simple-accent socks,Navy blue,No,720,180,Blue,Red,1x1,NA,Able Sisters,Available from either Mable's temporary shop or Able Sisters shop,All Year,Yes,1.0.0,Simple,everyday; formal,No,For sale,SocksTexOnepoint0,5200,pXiEbRv6KpRzR2HhF
simple-accent socks,Black,No,720,180,Black,White,1x1,NA,Able Sisters,Available from either Mable's temporary shop or Able Sisters shop,All Year,No,1.0.0,Simple,everyday; formal,No,For sale,SocksTexOnepoint1,9082,aF6MoJRq25nmozuqJ
simple-accent socks,White,No,720,180,White,Black,1x1,NA,Able Sisters,Available from either Mable's temporary shop or Able Sisters shop,All Year,Yes,1.0.0,Simple,everyday; formal,No,For sale,SocksTexOnepoint2,9083,oDiizez3yxj6HtyQr
simple-accent socks,Gray,No,720,180,Gray,Light blue,1x1,NA,Able Sisters,Available from either Mable's temporary shop or Able Sisters shop,All Year,No,1.0.0,Simple,everyday; formal,No,For sale,SocksTexOnepoint3,9084,og9QPp6jXLwv9RfEZ
simple-accent socks,Blue,No,720,180,Blue,Light blue,1x1,NA,Able Sisters,Available from either Mable's temporary shop or Able Sisters shop,All Year,No,1.0.0,Simple,everyday; formal,No,For sale,SocksTexOnepoint4,9085,4odTg8BmPySYZensZ
simple-accent socks,Orange,No,720,180,Orange,Yellow,1x1,NA,Able Sisters,Available from either Mable's temporary shop or Able Sisters shop,All Year,Yes,1.0.0,Simple,everyday; formal,No,For sale,SocksTexOnepoint5,9086,AYXDKak7MRoKKJ24J
simple-accent socks,Red,No,720,180,Red,Black,1x1,NA,Able Sisters,Available from either Mable's temporary shop or Able Sisters shop,All Year,No,1.0.0,Simple,everyday; formal,No,For sale,SocksTexOnepoint6,9087,4sozM46zqJys5bcFt
simple-accent socks,Pink,No,720,180,Pink,White,1x1,NA,Able Sisters,Available from either Mable's temporary shop or Able Sisters shop,All Year,No,1.0.0,Simple,everyday; formal,No,For sale,SocksTexOnepoint7,9088,ZKHg7YC8qTrpLm76X
soccer socks,Blue,No,800,200,Blue,White,1x1,NA,Kicks,,All Year,No,1.0.0,Active,sporty; work,No,For sale,SocksTexFootball0,5177,xwcWvpsyxDjwwF7jt
soccer socks,Red,No,800,200,Red,White,1x1,NA,Kicks,,All Year,No,1.0.0,Active,sporty; work,No,For sale,SocksTexFootball1,9973,4QejjPC38oza2u98X
soccer socks,Green,No,800,200,Green,White,1x1,NA,Kicks,,All Year,No,1.0.0,Active,sporty; work,No,For sale,SocksTexFootball2,9974,zbWuXc2n8WYG7rnNY
soccer socks,Light blue,No,800,200,Light blue,White,1x1,NA,Kicks,,All Year,No,1.0.0,Active,sporty; work,No,For sale,SocksTexFootball3,9975,Mk4mRFChWdZxYsqcu
soccer socks,Black,No,800,200,Black,White,1x1,NA,Kicks,,All Year,No,1.0.0,Active,sporty; work,No,For sale,SocksTexFootball4,9976,kSEJpobnFBFviu4sX
soccer socks,Orange,No,800,200,Orange,White,1x1,NA,Kicks,,All Year,No,1.0.0,Active,sporty; work,No,For sale,SocksTexFootball5,9977,tsnTTCg9bosbBLXpS
soccer socks,White,No,800,200,White,Black,1x1,NA,Kicks,,All Year,No,1.0.0,Active,sporty; work,No,For sale,SocksTexFootball6,9978,y72GvNAoswc8fgK6p
spider-web tights,Black,No,720,180,Black,Black,1x1,NA,Kicks,,Fall,No,1.0.0,Cool,goth; party; theatrical,No,For sale,SocksTexSpider0,5203,SR5g7wLo5uvQ9TaYe
spider-web tights,White,No,720,180,White,White,1x1,NA,Kicks,,Fall,No,1.0.0,Cool,goth; party; theatrical,No,For sale,SocksTexSpider1,9671,Q8ktndrSuTbgX4GWP
spider-web tights,Orange,No,720,180,Orange,Orange,1x1,NA,Kicks,,Fall,No,1.0.0,Cool,goth; party; theatrical,No,For sale,SocksTexSpider2,9672,vbFcKTrEoZZ4EjYWC
spider-web tights,Purple,No,720,180,Purple,Purple,1x1,NA,Kicks,,Fall,No,1.0.0,Cool,goth; party; theatrical,No,For sale,SocksTexSpider3,9673,8GMMKmgvcPFx5z4sK
stockings,Black,No,480,120,Black,Black,1x1,NA,Able Sisters,Available from either Mable's temporary shop or Able Sisters shop,All Year,No,1.0.0,Simple,everyday; work,No,For sale,SocksTexTights0,3095,2uXpSKSXayL8rWmwq
stockings,Gray,No,480,120,Gray,Gray,1x1,NA,Able Sisters,Available from either Mable's temporary shop or Able Sisters shop,All Year,No,1.0.0,Simple,everyday; work,No,For sale,SocksTexTights1,9655,LcGtPT8D5FAwyTDeH
stockings,White,No,480,120,White,White,1x1,NA,Able Sisters,Available from either Mable's temporary shop or Able Sisters shop,All Year,No,1.0.0,Simple,everyday; work,No,For sale,SocksTexTights2,9656,psXxbMdjsh7D9tHpQ
stockings,Brown,No,480,120,Brown,Brown,1x1,NA,Able Sisters,Available from either Mable's temporary shop or Able Sisters shop,All Year,No,1.0.0,Simple,everyday; work,No,For sale,SocksTexTights3,9657,GnwPZXALfY7WD3FZh
stockings,Beige,No,480,120,Beige,Beige,1x1,NA,Able Sisters,Available from either Mable's temporary shop or Able Sisters shop,All Year,Yes,1.0.0,Simple,everyday; work,No,For sale,SocksTexTights4,9658,BBH3W3NDeZqwSizDY
stretch leggings,Navy blue,No,450,112,Blue,Blue,1x1,NA,Able Sisters,Available from either Mable's temporary shop or Able Sisters shop,All Year,No,1.0.0,Simple,everyday; outdoorsy; sporty,No,For sale,SocksTexLeggings0,4744,ixedzMQJwA7Zif56r
stretch leggings,Gray,No,450,112,Gray,Gray,1x1,NA,Able Sisters,Available from either Mable's temporary shop or Able Sisters shop,All Year,Yes,1.0.0,Simple,everyday; outdoorsy; sporty,No,For sale,SocksTexLeggings1,9776,6H8evYPQyriD32JQg
stretch leggings,Dark gray,No,450,112,Gray,Gray,1x1,NA,Able Sisters,Available from either Mable's temporary shop or Able Sisters shop,All Year,Yes,1.0.0,Simple,everyday; outdoorsy; sporty,No,For sale,SocksTexLeggings2,9777,KSfWAQcAE6BqrYSRP
stretch leggings,White,No,450,112,White,White,1x1,NA,Able Sisters,Available from either Mable's temporary shop or Able Sisters shop,All Year,No,1.0.0,Simple,everyday; outdoorsy; sporty,No,For sale,SocksTexLeggings3,9778,ERLTKc3eKLSNLN9eZ
stretch leggings,Black,No,450,112,Black,Black,1x1,NA,Able Sisters,Available from either Mable's temporary shop or Able Sisters shop,All Year,Yes,1.0.0,Simple,everyday; outdoorsy; sporty,No,For sale,SocksTexLeggings4,9779,jW9cCN469obn7jucv
stretch leggings,Brown,No,450,112,Brown,Brown,1x1,NA,Able Sisters,Available from either Mable's temporary shop or Able Sisters shop,All Year,No,1.0.0,Simple,everyday; outdoorsy; sporty,No,For sale,SocksTexLeggings5,9780,SHRKAQav7w9yMQPag
stretch leggings,Green,No,450,112,Green,Green,1x1,NA,Able Sisters,Available from either Mable's temporary shop or Able Sisters shop,All Year,Yes,1.0.0,Simple,everyday; outdoorsy; sporty,No,For sale,SocksTexLeggings6,9781,9Z3ddEpG4AYFQxaEj
striped socks,Monotone,No,600,150,Black,White,1x1,NA,Able Sisters,Available from either Mable's temporary shop or Able Sisters shop,All Year,No,1.0.0,Simple,everyday; comfy,No,For sale,SocksTexBorder0,5199,t9tggbKqbrE7cm7ZY
striped socks,Light blue,No,600,150,Light blue,White,1x1,NA,Able Sisters,Available from either Mable's temporary shop or Able Sisters shop,All Year,No,1.0.0,Simple,everyday; comfy,No,For sale,SocksTexBorder1,6902,rbnvg68hfQu4YFrWn
striped socks,Green,No,600,150,Green,White,1x1,NA,Able Sisters,Available from either Mable's temporary shop or Able Sisters shop,All Year,No,1.0.0,Simple,everyday; comfy,No,For sale,SocksTexBorder2,9996,qSyP6Jt6tHYQR3vEN
striped socks,Yellow,No,600,150,Yellow,White,1x1,NA,Able Sisters,Available from either Mable's temporary shop or Able Sisters shop,All Year,No,1.0.0,Simple,everyday; comfy,No,For sale,SocksTexBorder3,9997,LxMR9hdCLhn7g2Y9D
striped socks,Orange,No,600,150,Orange,White,1x1,NA,Able Sisters,Available from either Mable's temporary shop or Able Sisters shop,All Year,No,1.0.0,Simple,everyday; comfy,No,For sale,SocksTexBorder4,9998,EoL5z2pvu3WkYoENu
striped socks,Red,No,600,150,Red,White,1x1,NA,Able Sisters,Available from either Mable's temporary shop or Able Sisters shop,All Year,No,1.0.0,Simple,everyday; comfy,No,For sale,SocksTexBorder5,9999,2ECQP2p6gd3d2Xiqq
striped socks,Purple,No,600,150,Purple,White,1x1,NA,Able Sisters,Available from either Mable's temporary shop or Able Sisters shop,All Year,No,1.0.0,Simple,everyday; comfy,No,For sale,SocksTexBorder6,10000,XXHrJMsWnq2SuvFGz
striped socks,Blue,No,600,150,Blue,White,1x1,NA,Able Sisters,Available from either Mable's temporary shop or Able Sisters shop,All Year,No,1.0.0,Simple,everyday; comfy,No,For sale,SocksTexBorder7,10001,v4aS6bX6iZQm5vbzM
striped tights,Red,No,720,180,Red,Black,1x1,NA,Able Sisters,Available from Able Sisters shop only,All Year,No,1.0.0,Gorgeous,party; theatrical,No,For sale,SocksTexStripe0,6045,PNMohFRGwDWXGQ7r9
striped tights,Gray,No,720,180,Gray,Black,1x1,NA,Able Sisters,Available from Able Sisters shop only,All Year,No,1.0.0,Gorgeous,party; theatrical,No,For sale,SocksTexStripe1,9937,fCNB87FXmS7cJJtkQ
striped tights,Pink,No,720,180,Pink,Black,1x1,NA,Able Sisters,Available from Able Sisters shop only,All Year,No,1.0.0,Gorgeous,party; theatrical,No,For sale,SocksTexStripe2,9938,GjSvq9AEsbSj4L4ct
striped tights,Light blue,No,720,180,Light blue,Black,1x1,NA,Able Sisters,Available from Able Sisters shop only,All Year,No,1.0.0,Gorgeous,party; theatrical,No,For sale,SocksTexStripe3,9939,ascM9HQW8zQ836QHZ
striped tights,Yellow,No,720,180,Yellow,Black,1x1,NA,Able Sisters,Available from Able Sisters shop only,All Year,No,1.0.0,Gorgeous,party; theatrical,No,For sale,SocksTexStripe4,9940,bxoHZt9xhQQAWnk6e
striped tights,Purple,No,720,180,Purple,Black,1x1,NA,Able Sisters,Available from Able Sisters shop only,All Year,No,1.0.0,Gorgeous,party; theatrical,No,For sale,SocksTexStripe5,9941,xjPhMuuZLe7g5nQux
striped tights,Green,No,720,180,Green,Black,1x1,NA,Able Sisters,Available from Able Sisters shop only,All Year,No,1.0.0,Gorgeous,party; theatrical,No,For sale,SocksTexStripe6,9942,vx83ey5MNpgbkw7d8
striped tights,Orange,No,720,180,Orange,Black,1x1,NA,Able Sisters,Available from Able Sisters shop only,All Year,No,1.0.0,Gorgeous,party; theatrical,No,For sale,SocksTexStripe7,9943,MFxpesNYcvptjTHHY
tabi,White,No,1200,300,White,White,1x1,NA,Able Sisters,Available from Able Sisters shop only,All Year,No,1.0.0,Simple,everyday; formal; party,No,For sale,SocksTexTabi0,4749,KfRLgXY6TYdMTrS8A
tabi,Black,No,1200,300,Black,Black,1x1,NA,Able Sisters,Available from Able Sisters shop only,All Year,No,1.0.0,Simple,everyday; formal; party,No,For sale,SocksTexTabi1,8929,iph2HdeGDjsBYj8Yx
tabi,Navy blue,No,1200,300,Blue,Blue,1x1,NA,Able Sisters,Available from Able Sisters shop only,All Year,No,1.0.0,Simple,everyday; formal; party,No,For sale,SocksTexTabi2,8930,brQgmrTHCaRLuxPrt
terry-cloth socks,Pink,No,600,150,Pink,White,1x1,NA,Able Sisters,Available from either Mable's temporary shop or Able Sisters shop,Winter,No,1.0.0,Cute,fairy tale; comfy,No,For sale,SocksTexFluffy0,5181,zG2c5nGSwNAtEYA24
terry-cloth socks,Purple,No,600,150,Purple,White,1x1,NA,Able Sisters,Available from either Mable's temporary shop or Able Sisters shop,Winter,No,1.0.0,Cute,fairy tale; comfy,No,For sale,SocksTexFluffy1,9979,kSPNXN3pQosJcuwgG
terry-cloth socks,Blue,No,600,150,Light blue,White,1x1,NA,Able Sisters,Available from either Mable's temporary shop or Able Sisters shop,Winter,No,1.0.0,Cute,fairy tale; comfy,No,For sale,SocksTexFluffy2,9980,hygdPjz55qgkjrdxz
terry-cloth socks,Green,No,600,150,Green,White,1x1,NA,Able Sisters,Available from either Mable's temporary shop or Able Sisters shop,Winter,No,1.0.0,Cute,fairy tale; comfy,No,For sale,SocksTexFluffy3,9981,J4oqoEe8hyEz9qBob
terry-cloth socks,Beige,No,600,150,Beige,White,1x1,NA,Able Sisters,Available from either Mable's temporary shop or Able Sisters shop,Winter,No,1.0.0,Cute,fairy tale; comfy,No,For sale,SocksTexFluffy4,9982,wtcZP59Bep5AdBvnW
terry-cloth socks,Red,No,600,150,Red,White,1x1,NA,Able Sisters,Available from either Mable's temporary shop or Able Sisters shop,Winter,No,1.0.0,Cute,fairy tale; comfy,No,For sale,SocksTexFluffy5,9983,bQKLrkboL3tGTmJ5i
terry-cloth socks,Gray,No,600,150,Gray,White,1x1,NA,Able Sisters,Available from either Mable's temporary shop or Able Sisters shop,Winter,No,1.0.0,Cute,fairy tale; comfy,No,For sale,SocksTexFluffy6,9984,oWyAYb3Tm9QD65J8v
tube socks,Blue,No,480,120,White,Blue,1x1,NA,Able Sisters,Available from either Mable's temporary shop or Able Sisters shop,All Year,No,1.0.0,Simple,everyday; outdoorsy; sporty,No,For sale,SocksTexLine0,4746,xoupDJWYgiuYScJjP
tube socks,Orange,No,480,120,White,Orange,1x1,NA,Able Sisters,Available from either Mable's temporary shop or Able Sisters shop,All Year,Yes,1.0.0,Simple,everyday; outdoorsy; sporty,No,For sale,SocksTexLine1,9966,uKZ6dMzWnvFWRds6j
tube socks,Green,No,480,120,White,Green,1x1,NA,Able Sisters,Available from either Mable's temporary shop or Able Sisters shop,All Year,No,1.0.0,Simple,everyday; outdoorsy; sporty,No,For sale,SocksTexLine2,9967,jSogLE7tMPqgbgYqm
tube socks,Red,No,480,120,White,Red,1x1,NA,Able Sisters,Available from either Mable's temporary shop or Able Sisters shop,All Year,No,1.0.0,Simple,everyday; outdoorsy; sporty,No,For sale,SocksTexLine3,9968,R5s3b5xWWYSfshCR2
tube socks,Navy blue,No,480,120,Gray,Blue,1x1,NA,Able Sisters,Available from either Mable's temporary shop or Able Sisters shop,All Year,No,1.0.0,Simple,everyday; outdoorsy; sporty,No,For sale,SocksTexLine4,9969,BuvT97X2dh9FY2BYf
tube socks,Berry red,No,480,120,Gray,Red,1x1,NA,Able Sisters,Available from either Mable's temporary shop or Able Sisters shop,All Year,No,1.0.0,Simple,everyday; outdoorsy; sporty,No,For sale,SocksTexLine5,9970,5KWePAFBtAZXKMZk2
tube socks,Dark green,No,480,120,Gray,Green,1x1,NA,Able Sisters,Available from either Mable's temporary shop or Able Sisters shop,All Year,No,1.0.0,Simple,everyday; outdoorsy; sporty,No,For sale,SocksTexLine6,9971,t9Q2Hk6RbHFt7ph5t
tube socks,Purple,No,480,120,Gray,Purple,1x1,NA,Able Sisters,Available from either Mable's temporary shop or Able Sisters shop,All Year,No,1.0.0,Simple,everyday; outdoorsy; sporty,No,For sale,SocksTexLine7,9972,PnoczFigxSjbCZwA2
ultra no-show socks,Blue,No,480,120,Blue,Blue,1x1,NA,Able Sisters,Available from either Mable's temporary shop or Able Sisters shop,All Year,No,1.0.0,Simple,everyday; outdoorsy; sporty,No,For sale,SocksTexFootcover0,5167,EMiBarZr7cxvEFmmF
ultra no-show socks,Pink,No,480,120,Pink,Pink,1x1,NA,Able Sisters,Available from either Mable's temporary shop or Able Sisters shop,All Year,No,1.0.0,Simple,everyday; outdoorsy; sporty,No,For sale,SocksTexFootcover1,10010,2ifRj79NaD3X4wXAR
ultra no-show socks,Brown,No,480,120,Brown,Brown,1x1,NA,Able Sisters,Available from either Mable's temporary shop or Able Sisters shop,All Year,No,1.0.0,Simple,everyday; outdoorsy; sporty,No,For sale,SocksTexFootcover2,10011,ddE25Lais494tdxrR
ultra no-show socks,Olive,No,480,120,Green,Green,1x1,NA,Able Sisters,Available from either Mable's temporary shop or Able Sisters shop,All Year,No,1.0.0,Simple,everyday; outdoorsy; sporty,No,For sale,SocksTexFootcover3,10012,rQG8qATgfDzfi392j
ultra no-show socks,Green,No,480,120,Green,Green,1x1,NA,Able Sisters,Available from either Mable's temporary shop or Able Sisters shop,All Year,No,1.0.0,Simple,everyday; outdoorsy; sporty,No,For sale,SocksTexFootcover4,10013,wKeAGu8o4PcjQ47EF
ultra no-show socks,Purple,No,480,120,Purple,Purple,1x1,NA,Able Sisters,Available from either Mable's temporary shop or Able Sisters shop,All Year,No,1.0.0,Simple,everyday; outdoorsy; sporty,No,For sale,SocksTexFootcover5,10014,2KsDq7dXnzAhT6YqC
ultra no-show socks,Black,No,480,120,Black,Black,1x1,NA,Able Sisters,Available from either Mable's temporary shop or Able Sisters shop,All Year,No,1.0.0,Simple,everyday; outdoorsy; sporty,No,For sale,SocksTexFootcover6,10015,oCkrAgFbomNriMJY3
ultra no-show socks,White,No,480,120,White,White,1x1,NA,Able Sisters,Available from either Mable's temporary shop or Able Sisters shop,All Year,No,1.0.0,Simple,everyday; outdoorsy; sporty,No,For sale,SocksTexFootcover7,10016,oMaoadYMsSq69Wwim
vivid leggings,Light blue,No,450,112,Light blue,Light blue,1x1,NA,Able Sisters,Available from Able Sisters shop only,All Year,No,1.0.0,Simple,outdoorsy; party; theatrical,No,For sale,SocksTexVividleggings0,9585,DGfxSf7iWuTH9AZ8c
vivid leggings,Purple,No,450,112,Purple,Purple,1x1,NA,Able Sisters,Available from Able Sisters shop only,All Year,No,1.0.0,Simple,outdoorsy; party; theatrical,No,For sale,SocksTexVividleggings1,9801,jvyWa8Rsq8xuwyRZf
vivid leggings,Red,No,450,112,Red,Red,1x1,NA,Able Sisters,Available from Able Sisters shop only,All Year,No,1.0.0,Simple,outdoorsy; party; theatrical,No,For sale,SocksTexVividleggings2,9802,srfYPBLHS6M55HMho
vivid leggings,Pink,No,450,112,Pink,Pink,1x1,NA,Able Sisters,Available from Able Sisters shop only,All Year,No,1.0.0,Simple,outdoorsy; party; theatrical,No,For sale,SocksTexVividleggings3,9803,hPKNndPanerKb6ZNS
vivid leggings,Blue,No,450,112,Blue,Blue,1x1,NA,Able Sisters,Available from Able Sisters shop only,All Year,No,1.0.0,Simple,outdoorsy; party; theatrical,No,For sale,SocksTexVividleggings4,9804,bY3ozoCphnPNSk9n2
vivid leggings,Yellow,No,450,112,Yellow,Yellow,1x1,NA,Able Sisters,Available from Able Sisters shop only,All Year,No,1.0.0,Simple,outdoorsy; party; theatrical,No,For sale,SocksTexVividleggings5,9805,4NsYzSi2uTXWPcfS9
vivid leggings,Green,No,450,112,Green,Green,1x1,NA,Able Sisters,Available from Able Sisters shop only,All Year,No,1.0.0,Simple,outdoorsy; party; theatrical,No,For sale,SocksTexVividleggings6,9806,wdaxnZxvxHNHFRKWD
vivid leggings,Orange,No,450,112,Orange,Orange,1x1,NA,Able Sisters,Available from Able Sisters shop only,All Year,No,1.0.0,Simple,outdoorsy; party; theatrical,No,For sale,SocksTexVividleggings7,9807,yanC6fx5Xfpr7ihup
vivid socks,Green,No,480,120,Green,Green,1x1,NA,Able Sisters,Available from Able Sisters shop only,All Year,No,1.0.0,Simple,everyday; party; theatrical,No,For sale,SocksTexStandard1,6898,XbHAbJtk9itLL6dyw
vivid socks,Red,No,480,120,Red,Red,1x1,NA,Able Sisters,Available from Able Sisters shop only,All Year,No,1.0.0,Simple,everyday; party; theatrical,No,For sale,SocksTexVividsocks0,9643,Rxro87k8H8TrwQXPd
vivid socks,Light blue,No,480,120,Light blue,Light blue,1x1,NA,Able Sisters,Available from Able Sisters shop only,All Year,No,1.0.0,Simple,everyday; party; theatrical,No,For sale,SocksTexVividsocks2,10021,sFiwGiyfM7W228Rgj
vivid socks,Blue,No,480,120,Blue,Blue,1x1,NA,Able Sisters,Available from Able Sisters shop only,All Year,No,1.0.0,Simple,everyday; party; theatrical,No,For sale,SocksTexVividsocks3,10022,XyvJ9o2uNuE5aD7cp
vivid socks,Purple,No,480,120,Purple,Purple,1x1,NA,Able Sisters,Available from Able Sisters shop only,All Year,No,1.0.0,Simple,everyday; party; theatrical,No,For sale,SocksTexVividsocks4,10023,FnwWCqqFdcHhjk3oc
vivid socks,Pink,No,480,120,Pink,Pink,1x1,NA,Able Sisters,Available from Able Sisters shop only,All Year,No,1.0.0,Simple,everyday; party; theatrical,No,For sale,SocksTexVividsocks5,10024,zyPHqnaxf97p8Eoi7
vivid socks,Orange,No,480,120,Orange,Orange,1x1,NA,Able Sisters,Available from Able Sisters shop only,All Year,No,1.0.0,Simple,everyday; party; theatrical,No,For sale,SocksTexVividsocks6,10025,JEsGza6asSbSafpny
vivid socks,Yellow,No,480,120,Yellow,Yellow,1x1,NA,Able Sisters,Available from Able Sisters shop only,All Year,No,1.0.0,Simple,everyday; party; theatrical,No,For sale,SocksTexVividsocks7,10026,TFPJBkLBn2W6qvHBg
vivid tights,Light blue,No,720,180,Light blue,Light blue,1x1,NA,Able Sisters,Available from Able Sisters shop only,All Year,No,1.0.0,Simple,party; theatrical,No,For sale,SocksTexVividtights0,9582,yamdxgmHzN5NEB4FX
vivid tights,Purple,No,720,180,Purple,Purple,1x1,NA,Able Sisters,Available from Able Sisters shop only,All Year,No,1.0.0,Simple,party; theatrical,No,For sale,SocksTexVividtights1,9687,BwdAj9CGve2HkyoD6
vivid tights,Red,No,720,180,Red,Red,1x1,NA,Able Sisters,Available from Able Sisters shop only,All Year,No,1.0.0,Simple,party; theatrical,No,For sale,SocksTexVividtights2,9688,8jhmSZM88ZfjBfpGq
vivid tights,Pink,No,720,180,Pink,Pink,1x1,NA,Able Sisters,Available from Able Sisters shop only,All Year,No,1.0.0,Simple,party; theatrical,No,For sale,SocksTexVividtights3,9689,sG3bNkRZwchoYdELC
vivid tights,Blue,No,720,180,Blue,Blue,1x1,NA,Able Sisters,Available from Able Sisters shop only,All Year,No,1.0.0,Simple,party; theatrical,No,For sale,SocksTexVividtights4,9690,a5TeestnouHpJzfS5
vivid tights,Yellow,No,720,180,Yellow,Yellow,1x1,NA,Able Sisters,Available from Able Sisters shop only,All Year,No,1.0.0,Simple,party; theatrical,No,For sale,SocksTexVividtights5,9691,aNew9qmcaiXhYs4TP
vivid tights,Green,No,720,180,Green,Green,1x1,NA,Able Sisters,Available from Able Sisters shop only,All Year,No,1.0.0,Simple,party; theatrical,No,For sale,SocksTexVividtights6,9692,zJDaR6fzSJnk3fP6q
vivid tights,Orange,No,720,180,Orange,Orange,1x1,NA,Able Sisters,Available from Able Sisters shop only,All Year,Yes,1.0.0,Simple,party; theatrical,No,For sale,SocksTexVividtights7,9693,yto8H9GL63QbRHstv
wave-print socks,Blue,No,600,150,Blue,Light blue,1x1,NA,Kicks,,All Year,No,1.0.0,Cool,everyday,No,For sale,SocksTexWave0,5813,dH74WoutZotxbpzxx
wave-print socks,Brown,No,600,150,Brown,Beige,1x1,NA,Kicks,,All Year,No,1.0.0,Cool,everyday,No,For sale,SocksTexWave1,9933,PL58yC9hm87C7NE4u
wave-print socks,Purple,No,600,150,Purple,Pink,1x1,NA,Kicks,,All Year,No,1.0.0,Cool,everyday,No,For sale,SocksTexWave2,9934,Fodq95rD9FYWdxTWD
wave-print socks,Green,No,600,150,Green,Green,1x1,NA,Kicks,,All Year,No,1.0.0,Cool,everyday,No,For sale,SocksTexWave3,9935,ivn7QK5oi2HAJjocA
wave-print socks,Gray,No,600,150,Black,Gray,1x1,NA,Kicks,,All Year,No,1.0.0,Cool,everyday,No,For sale,SocksTexWave4,9936,pbQLWsjHhC4KZ9RrK