Name,VFX,VFX Type,DIY,Buy,Sell,Color 1,Color 2,Miles Price,Source,Source Notes,Catalog,Window Type,Window Color,Pane Type,Curtain Type,Curtain Color,Ceiling Type,HHA Concept 1,HHA Concept 2,HHA Series,Tag,Version,Filename,Internal ID,Unique Entry ID
abstract wall,No,NA,No,1560,390,White,Colorful,NA,Nook's Cranny,,For sale,Four Pane,Grey Wood,Glass,Roller Shades,White,Cloth,shop,facility,None,Cloth Walls,1.0.0,RoomTexWallAbstract00,4873,FpdbDr4PMe5WdEZkA
ancient wall,No,NA,No,3000,750,Beige,Brown,NA,Saharah,,Not for sale,None,NA,NA,None,NA,Stone,folk art,horror,None,Asia,1.0.0,RoomTexWallEgypt00,4936,Y2pykQMhqbEoGGa62
apple wall,No,NA,Yes,NFS,4000,Red,Red,NA,Crafting,,Not for sale,Four Pane,Grey Wood,Glass,Roller Shades,White,Cloth,fancy,child's room,fruits,Fruit Walls,1.0.0,RoomTexWallApple00,4916,roJZFWataeLQK6vqa
aqua tile wall,No,NA,No,1420,355,Light blue,Light blue,NA,Nook's Cranny,,For sale,Single Pane,White Metal,Glass,Slatted Blinds,White Plastic,Stone,bathroom,facility,None,Tile Walls,1.0.0,RoomTexWallTile01,4930,6NXvjsdpxJLbd96RM
arched-window wall,Yes,NA,No,2150,537,Brown,Light blue,NA,Nook's Cranny,,For sale,None,NA,NA,None,NA,Wood,shop,expensive,None,Special Walls,1.0.0,RoomSpWallGlass00,5482,TzS5oe6a7KyBezmLS
autumn wall,Yes,Random,Yes,NFS,4700,Brown,Orange,NA,Crafting,,Not for sale,None,NA,NA,None,NA,Wood,garden,None,tree's bounty or leaves,Special Warm Nature Walls,1.0.0,RoomSpWallAutumun00,4905,KfLqJKhWtys8v86ig
backyard-fence wall,Yes,Synchro,No,3000,750,Light blue,White,NA,Saharah,,Not for sale,None,NA,NA,None,NA,Plain,garden,None,None,Special Cool Nature Walls,1.0.0,RoomSpWallBackyard00,5481,oPYWjEfm7BqHTYipq
bamboo wall,No,NA,Yes,NFS,2400,Green,Beige,NA,Crafting,,Not for sale,None,NA,NA,None,NA,Wood,zen-style,None,bamboo,Nature Walls,1.0.0,RoomTexWallBamboo00,4833,MYpD6DoNCPDw6d9t3
bamboo-grove wall,No,NA,Yes,NFS,4300,Green,Green,NA,Crafting,,Not for sale,None,NA,NA,None,NA,Wood,zen-style,None,bamboo,Nature Walls,1.0.0,RoomTexWallChikurin00,4853,LbsrED9Rwg6SHTCpa
bamboo-screen wall,No,NA,No,1770,442,Brown,Brown,NA,Nook's Cranny,,For sale,None,NA,NA,None,NA,Stone,zen-style,None,None,Wood Walls,1.0.0,RoomTexWallRattan00,4836,MZt39wkPG6P7iWG2M
bank-vault wall,No,NA,No,3000,750,Gray,Gray,NA,Saharah,,Not for sale,None,NA,NA,None,NA,Tile,facility,expensive,None,Iron Walls,1.0.0,RoomTexWallSafeBox00,4839,HrgjLfo8tPzP2zpbE
basic wall,Yes,NA,No,600,150,White,White,NA,Nook's Cranny,,For sale,None,NA,NA,None,NA,Tile,office,facility,None,Special Walls,1.0.0,RoomSpWallSimplePanel00,5559,FJxKPu5W2sd2YWQfA
beaded-curtain wall,No,NA,No,1720,430,White,Orange,NA,Nook's Cranny,,For sale,Four Pane,Natural Wood,Glass,Curtains,White Lace,Wood,shop,kitchen,None,Cloth Walls,1.0.0,RoomTexWallBeadsCurtain00,4877,M3mNZS2vSaHaiujcH
beige art-deco wall,No,NA,No,2780,695,Beige,Beige,NA,Nook's Cranny,,For sale,Arch,Wood,Glass,None,NA,Wood,child's room,living room,None,Art Deco Walls,1.0.0,RoomTexWallArtDeco00,4817,2zmJaMB2B9i8gLTKt
beige blossoming wall,No,NA,No,1760,440,Beige,Brown,NA,Nook's Cranny,,For sale,Four Pane,Natural Wood,Glass,Curtains,Red Checkered,Wood,fancy,living room,None,Country,1.0.0,RoomTexWallCountry00,4831,CF5325jZx7pNsqb6Z
beige desert-tile wall,No,NA,No,2440,610,Beige,Beige,NA,Nook's Cranny,,For sale,Sliding Pane,White Metal,Glass,None,NA,Stone,bathroom,facility,None,Morocco,1.0.0,RoomTexWallMorocco00,4834,qZrgjoMjxz9ehXqa4
black botanical-tile wall,No,NA,No,1240,310,Black,Black,NA,Nook's Cranny,,For sale,Single Pane,Black Metal,Glass,Slatted Blinds,Black Plastic,Stone,facility,expensive,None,Wood Tile Walls,1.0.0,RoomTexWallWoodTile03,6877,PEcX9J774Ffd6Gn8S
black hallway wall,No,NA,No,2000,500,Black,Black,NA,Nook's Cranny,,For sale,None,NA,NA,None,NA,Wood,facility,music,None,Hall Walls,1.0.0,RoomTexWallHall03,6862,pQrYRHsmovBApejNJ
black perforated-board wall,No,NA,No,1180,295,Black,Black,NA,Nook's Cranny,,For sale,None,NA,NA,None,NA,Tile,music,facility,None,Pegboard Walls,1.0.0,RoomTexWallPegboard02,4922,7fMiJATy4fWP4DpoC
black two-toned tile wall,No,NA,No,1850,462,Black,Black,NA,Nook's Cranny,,For sale,Sliding Pane,White Metal,Glass,None,NA,Stone,bathroom,facility,None,Two-Tone Tile Walls,1.0.0,RoomTexWallTwoToneTile06,6859,aF8tqscwpShhhsASx
black-brick wall,No,NA,No,1000,250,Black,Black,NA,Nook's Cranny,,For sale,Four Pane,Dark Wood,Glass,None,NA,Wood,facility,shop,None,Brick,1.0.0,RoomTexWallBrick02,4929,tCex7y47sAsaD44Wm
black-crown wall,No,NA,No,2350,587,Black,Black,NA,Nook's Cranny,,For sale,None,NA,NA,None,NA,Tile,expensive,None,None,Crown Walls,1.0.0,RoomTexWallCrown01,4815,4cCAvP8bbCYcyAyBE
blackboard wall,No,NA,No,3000,750,Black,Colorful,NA,Saharah,,Not for sale,None,NA,NA,None,NA,Wood,shop,school,None,Neta Walls,1.0.0,RoomTexWallBlackBoard00,4882,Aseoowo4cuXJqyWaA
blue blossoming wall,No,NA,No,1760,440,Light blue,Blue,NA,Nook's Cranny,,For sale,Four Pane,Grey Wood,Glass,Curtains,Blue Checkered,Wood,fancy,living room,None,Country,1.0.0,RoomTexWallCountry02,4896,SZWxorHWvT7vhGXsj
blue camo wall,No,NA,No,1150,287,Blue,Blue,NA,Nook's Cranny,,For sale,Single Pane,Grey Wood,Glass,Slatted Blinds,White Plastic,Cloth,party,child's room,None,Camouflage,1.0.0,RoomTexWallCamouflage01,4884,xQ2EDvGyh76skJyX3
blue delicate-blooms wall,No,NA,No,1900,475,Blue,Black,NA,Nook's Cranny,,For sale,Four Pane,Dark Wood,Glass,Roller Shades,Undyed,Wood,expensive,living room,None,Manor Walls,1.0.0,RoomTexWallManor03,6852,7Fb4nvMvoxtCZRQv7
blue desert-tile wall,No,NA,No,2440,610,Blue,White,NA,Nook's Cranny,,For sale,Sliding Pane,White Metal,Glass,None,NA,Stone,bathroom,facility,None,Morocco,1.0.0,RoomTexWallMorocco01,4835,vgNuogZ2JG2eZEBni
blue diner wall,No,NA,No,2420,605,Blue,Light blue,NA,Nook's Cranny,,For sale,Single Pane,White Metal,Glass,Slatted Blinds,White Plastic,Stone,fancy,shop,None,Diner Walls,1.0.0,RoomTexWallDiner00,7241,GjJT3k3neqwzenXku
blue flower-print wall,No,NA,No,1780,445,Blue,Light blue,NA,Nook's Cranny,,For sale,Four Pane,Dark Wood,Glass,Curtains,Light blue,Wood,fancy,living room,None,Flower Walls,1.0.0,RoomTexWallFlower03,6873,Hfm5a2EozWyQws3Tv
blue heart-pattern wall,No,NA,No,1280,320,Blue,Light blue,NA,Nook's Cranny,,For sale,Four Pane,White Wood,Glass,Roller Shades,White,Cloth,fancy,child's room,None,Heart Walls,1.0.0,RoomTexWallHeart00,4874,9dXvZ4H39kton3Tcj
blue honeycomb-tile wall,No,NA,No,1680,420,Blue,Blue,NA,Nook's Cranny,,For sale,Sliding Pane,Black Metal,Glass,None,NA,Stone,bathroom,facility,None,Honeycomb,1.0.0,RoomTexWallHoneycomb01,4912,Fht6yazsmMqdtEYQb
blue intricate wall,No,NA,No,1570,392,Blue,White,NA,Nook's Cranny,,For sale,Four Pane,Grey Wood,Glass,Roller Shades,White,Wood,living room,shop,None,Flower Pop Walls,1.0.0,RoomTexWallFlowerPop00,4848,p65nAJPAzQRgrjmDk
blue molded-panel wall,No,NA,No,1980,495,Blue,Brown,NA,Nook's Cranny,,For sale,Sliding Pane,White Metal,Glass,None,NA,Cloth,expensive,shop,None,Panel Mold Walls,1.0.0,RoomTexWallPanelMold01,4871,NpLfp6Jj3N5SDZJGK
blue painted-wood wall,No,NA,No,1650,412,Blue,Light blue,NA,Nook's Cranny,,For sale,Four Pane,White Wood,Glass,None,NA,Wood,fancy,living room,None,Painted Wood,1.0.0,RoomTexWallPaintWood00,4948,taLRgdodXzdzaAqA5
blue playroom wall,No,NA,No,2540,635,Light blue,Blue,NA,Nook's Cranny,,For sale,Sliding Pane,White Metal,Glass,None,NA,Cloth,child's room,fancy,None,Toy Walls,1.0.0,RoomTexWallToy00,4888,GFvGWj5w9m6i5eRwu
blue quilt wall,No,NA,No,2150,537,Blue,White,NA,Nook's Cranny,,For sale,Four Pane,White Wood,Glass,Curtains,White Lace,Cloth,fancy,child's room,None,Dollhouse Walls,1.0.0,RoomTexWallDollhouse01,7277,PPTLt5GQAdAhgRkxx
blue shanty wall,No,NA,No,620,155,Blue,Blue,NA,Nook's Cranny,,For sale,Single Pane,Grey Wood,Glass,Slatted Blinds,White Plastic,Stone,garage,None,None,Tin Walls,1.0.0,RoomTexWallTin02,4925,izNEFpPcp7pZaokHC
blue simple-cloth wall,No,NA,No,750,187,Blue,Light blue,NA,Nook's Cranny,,For sale,Four Pane,White Wood,Glass,Curtains,White,Wood,child's room,living room,None,Simple Walls,1.0.0,RoomTexWallSimple03,4869,KEN3oXsCwXwBcrfyD
blue subway-tile wall,No,NA,No,1340,335,Blue,Light blue,NA,Nook's Cranny,,For sale,Sliding Pane,White Metal,Glass,None,NA,Stone,facility,shop,None,Metro Walls,1.0.0,RoomTexWallMetro00,4940,mJ2HZDvnKgWB4TfXD
blue tile wall,No,NA,No,1420,355,Blue,Blue,NA,Nook's Cranny,,For sale,Single Pane,White Metal,Glass,Slatted Blinds,White Plastic,Stone,bathroom,facility,None,Tile Walls,1.0.0,RoomTexWallTile03,7127,gFc6NFYEbm8AqnpNu
blue two-toned tile wall,No,NA,No,1850,462,Blue,Blue,NA,Nook's Cranny,,For sale,Sliding Pane,White Metal,Glass,None,NA,Stone,bathroom,facility,None,Two-Tone Tile Walls,1.0.0,RoomTexWallTwoToneTile05,6858,97tHxtBzbMechYNAe
blue-crown wall,No,NA,No,2350,587,Blue,Black,NA,Nook's Cranny,,For sale,None,NA,NA,None,NA,Tile,expensive,None,None,Crown Walls,1.0.0,RoomTexWallCrown00,4814,k3b6CntCn3X84TN8X
blue-paint wall,No,NA,No,1600,400,Blue,Blue,NA,Nook's Cranny,,For sale,Four Pane,Dark Wood,Glass,None,NA,Stone,fancy,living room,None,Stucco Walls,1.0.0,RoomTexWallStucco03,4811,Pdr9WyCDQ9MBgG2qf
blue-rose wall,No,NA,No,1720,430,Blue,Light blue,NA,Nook's Cranny,,For sale,Arch,Grey Metal,Glass,None,NA,Wood,fancy,living room,None,Rose Walls,1.0.0,RoomTexWallRose03,6869,24hAjZQPsBXg3qHgw
blue-striped wall,No,NA,No,1520,380,Blue,White,NA,Nook's Cranny,,For sale,Four Pane,White Wood,Glass,Roller Shades,White,Cloth,fancy,child's room,None,Stripe Walls,1.0.0,RoomTexWallStripe03,4945,ZN2NXtCWSxQyeY9TF
botanical-tile wall,No,NA,No,1240,310,Beige,Yellow,NA,Nook's Cranny,,For sale,Single Pane,Natural Wood,Glass,Slatted Blinds,Natural Wood,Stone,facility,expensive,None,Wood Tile Walls,1.0.0,RoomTexWallWoodTile02,6876,gAvEyZiovXdKht7Db
brown botanical-tile wall,No,NA,No,1240,310,Brown,Brown,NA,Nook's Cranny,,For sale,Single Pane,Dark Wood,Glass,Slatted Blinds,Dark Brown Wood,Stone,facility,expensive,None,Wood Tile Walls,1.0.0,RoomTexWallWoodTile01,4827,FBLdaz4BkJbYvtdhy
brown diner wall,No,NA,No,2420,605,Brown,Colorful,NA,Nook's Cranny,,For sale,Single Pane,White Metal,Glass,Slatted Blinds,White Plastic,Stone,fancy,shop,None,Diner Walls,1.0.0,RoomTexWallDiner03,7244,wtnNQikxNEJkL753p
brown hallway wall,No,NA,No,2000,500,Brown,Brown,NA,Nook's Cranny,,For sale,None,NA,NA,None,NA,Wood,facility,music,None,Hall Walls,1.0.0,RoomTexWallHall00,4806,hFcaZ4n9ktaGNSTBE
brown herringbone wall,No,NA,Yes,NFS,1800,Brown,Brown,NA,Crafting,,Not for sale,Single Pane,Natural Wood,Glass,Slatted Blinds,Brown Wood,Wood,living room,shop,None,Herringbone,1.0.0,RoomTexWallHerringbone00,4804,oYALopoXWt2ZRT7Ej
brown shanty wall,No,NA,No,620,155,Brown,Brown,NA,Nook's Cranny,,For sale,Single Pane,Grey Wood,Glass,Slatted Blinds,White Plastic,Stone,garage,None,None,Tin Walls,1.0.0,RoomTexWallTin03,4926,MHxmHT82gP3odiLwv
brown wedding wall,No,NA,No,3000,750,None,None,NA,Wedding Season,,Not for sale,None,NA,NA,None,NA,Stone,party,expensive,wedding,Cloth Walls,1.2.0,RoomSpWallChurch01,12468,micAswPDNsNS2A2mb
brown-brick wall,No,NA,No,1000,250,Brown,Brown,NA,Nook's Cranny,,For sale,Four Pane,Natural Wood,Glass,None,NA,Wood,facility,shop,None,Brick,1.0.0,RoomTexWallBrick03,6850,BE69b25WcF47xAqdG
brown-crown wall,No,NA,No,2350,587,Brown,Brown,NA,Nook's Cranny,,For sale,None,NA,NA,None,NA,Tile,expensive,None,None,Crown Walls,1.0.0,RoomTexWallCrown03,6851,oL8aBjZoFCFKEEgAg
Bunny Day wall,No,NA,Yes,NFS,4800,Yellow,Colorful,NA,Crafting,,Not for sale,Four Pane,White Wood,Glass,Curtains,White Lace,Cloth,fancy,child's room,Bunny Day,Cloth Walls,1.1.0,RoomTexWallEaster00,5231,dEoSTZADDLkvmDHuY
butterflies wall,No,NA,No,NFS,840,White,Colorful,NA,Bug-Off,,Not for sale,Four Pane,White Wood,Glass,Roller Shades,White,Wood,fancy,facility,None,Nature Walls,1.0.0,RoomTexWallInsect00,4880,gJEmy4shFTnDB9Pjy
cabin wall,No,NA,Yes,NFS,1800,Beige,Beige,NA,Crafting,,Not for sale,Four Pane,Natural Wood,Glass,Curtains,White Lace,Wood,living room,facility,None,Wood Walls,1.0.0,RoomTexWallLog00,4840,sAEWR5uKGAXM6utL7
café-curtain wall,Yes,NA,No,3000,750,Black,White,NA,Saharah,,Not for sale,None,NA,NA,None,NA,Cloth,shop,expensive,None,Special Walls,1.0.0,RoomSpWallCafe00,5483,ficQ2fw73rzF5EJBB
camo wall,No,NA,No,1150,287,Black,Green,NA,Nook's Cranny,,For sale,Single Pane,Grey Wood,Glass,Slatted Blinds,White Plastic,Plain,party,child's room,None,Camouflage,1.0.0,RoomTexWallCamouflage00,4883,gBLHTGPLB65iZypbn
chain-link fence,Yes,NA,No,3000,750,Gray,Gray,NA,Saharah,,Not for sale,None,NA,NA,None,NA,Cloth,garden,garage,None,Special Cool Nature Walls,1.0.0,RoomSpWallEmptyLot00,5485,Qwbt8qxT8yN9XfXdR
cherry wall,No,NA,Yes,NFS,4000,Pink,Red,NA,Crafting,,Not for sale,Four Pane,Grey Wood,Glass,Roller Shades,White,Stone,child's room,fancy,fruits,Fruit Walls,1.0.0,RoomTexWallCherry00,4919,tcMuDzZqtDYs29Asm
cherry-blossom-trees wall,Yes,Random,Yes,NFS,4600,Brown,Pink,NA,Crafting,,Not for sale,None,NA,NA,None,NA,Wood,garden,None,cherry blossoms,Special Warm Nature Walls,1.0.0,RoomSpWallSakura00,7205,LrRvk9Twg87SSqNR4
chic tearoom wall,No,NA,No,1750,437,Black,Black,NA,Nook's Cranny,,For sale,Circle,Dark Wood,Screen,None,NA,Wood,zen-style,shop,None,Tea Room Walls,1.0.0,RoomTexWallMud03,11176,juLfiYnkF3x3wSAMZ
chic wall,No,NA,No,1960,490,Yellow,Beige,NA,Nook's Cranny,,For sale,Four Pane,White Wood,Glass,Curtains,White Lace,Wood,expensive,living room,None,Cloth Walls,1.0.0,RoomTexWallClassic00,4828,QMofvFznsaNcsDTqg
chocolate hallway wall,No,NA,No,2000,500,Brown,Brown,NA,Nook's Cranny,,For sale,None,NA,NA,None,NA,Wood,facility,music,None,Hall Walls,1.0.0,RoomTexWallHall01,4807,WZfDqbGb3cACFJWrg
chocolate herringbone wall,No,NA,Yes,NFS,1800,Brown,Brown,NA,Crafting,,Not for sale,Single Pane,Dark Wood,Glass,Slatted Blinds,Dark Brown Wood,Stone,living room,shop,None,Herringbone,1.0.0,RoomTexWallHerringbone01,4805,TpZxYjK6NorSqDMwu
circuit-board wall,No,NA,No,3000,750,Green,Green,NA,Saharah,,Not for sale,None,NA,NA,None,NA,Cloth,facility,None,None,Neta Walls,1.0.0,RoomTexWallGeek00,4821,Ms4DDtXTTGMwXdvvy
cityscape wall,Yes,NA,No,3000,750,Black,Black,NA,Saharah,,Not for sale,None,NA,NA,None,NA,Wood,shop,expensive,None,Special Walls,1.0.0,RoomSpWallNightView00,5400,9B4hFDTD7xM8goPGs
classic-library wall,No,NA,Yes,NFS,1450,Black,Black,NA,Crafting,,Not for sale,None,NA,NA,None,NA,Cloth,den,None,None,Library Walls,1.0.0,RoomTexWallLibrary00,4837,YbYmnjKXc49cyT6GB
colorful puzzle wall,No,NA,No,1540,385,Colorful,Colorful,NA,Nook's Cranny,,For sale,Single Pane,White Metal,Glass,Slatted Blinds,White Plastic,Stone,fancy,child's room,None,Puzzle Walls,1.0.0,RoomTexWallPuzzle01,4887,gpsYwFiGd3coj2eBS
colorful-tile wall,No,NA,No,1420,355,Colorful,Colorful,NA,Nook's Cranny,,For sale,Single Pane,White Metal,Glass,Slatted Blinds,White Plastic,Wood,bathroom,facility,None,Tile Walls,1.0.0,RoomTexWallTile02,4931,yu9xkApAW49Zhhf9i
common wall,No,NA,No,800,200,Beige,Brown,NA,Nook's Cranny,,For sale,Four Pane,Natural Wood,Glass,Curtains,White,Stone,living room,school,None,Stone Walls,1.0.0,RoomTexWallCommon00,4795,nLsLm3SoBAKtH5DmF
concrete wall,No,NA,No,940,235,Gray,Gray,NA,Nook's Cranny,,For sale,Single Pane,Grey Wood,Glass,Slatted Blinds,White Plastic,Stone,garage,facility,None,Stone Walls,1.0.0,RoomTexWallConcrete00,4890,jmixjxLNuH9jRQhyr
construction-site wall,No,NA,No,3000,750,Blue,Blue,NA,Saharah,,Not for sale,None,NA,NA,None,NA,Wood,garage,facility,None,Neta Walls,1.0.0,RoomTexWallBlueSheet00,4843,gDubZLr2wi622j5De
crepe-design wall,No,NA,No,1550,387,White,Colorful,NA,Nook's Cranny,,For sale,Circle,Grey Wood,Screen,None,NA,Cloth,zen-style,None,None,Japanese Style,1.0.0,RoomTexWallCrepe00,4841,dBSCiiYyny3ReAbgo
cute blue wall,No,NA,No,1880,470,Blue,White,NA,Nook's Cranny,,For sale,Four Pane,White Wood,Glass,Curtains,White Lace,Cloth,fancy,child's room,None,Cute Walls,1.0.0,RoomTexWallCute02,7217,KFhQNtCs6tx9sj7dy
cute red wall,No,NA,No,1880,470,Red,White,NA,Nook's Cranny,,For sale,Four Pane,Grey Wood,Glass,Curtains,White Lace,Cloth,fancy,child's room,None,Cute Walls,1.0.0,RoomTexWallCute01,7216,qYZyrdquxzvHErF5n
cute white wall,No,NA,No,1880,470,White,White,NA,Nook's Cranny,,For sale,Four Pane,Grey Wood,Glass,Curtains,White Lace,Cloth,fancy,child's room,None,Cute Walls,1.0.0,RoomTexWallCute00,7215,McKcAab2qjAaviYvA
cute yellow wall,No,NA,No,1880,470,Yellow,White,NA,Nook's Cranny,,For sale,Four Pane,White Wood,Glass,Curtains,White Lace,Stone,fancy,child's room,None,Cute Walls,1.0.0,RoomTexWallCute03,7218,6j8PFwiuCwkN7GP5b
dark wooden-mosaic wall,No,NA,Yes,NFS,1800,Black,Black,NA,Crafting,,Not for sale,Single Pane,Dark Wood,Glass,Slatted Blinds,Dark Brown Wood,Tile,living room,shop,None,Wood Plank Walls,1.0.0,RoomTexWallMixPlankWood01,4860,zZ6oMsuRibBQMkCA7
dark-chocolate wall,No,NA,No,3000,750,Brown,Brown,NA,Saharah,,Not for sale,None,NA,NA,None,NA,Plain,fancy,None,None,Chocolate,1.0.0,RoomTexWallChocolate00,4932,MWLvj23WuHrEJkMjk
desert vista,Yes,Synchro,No,3000,750,Beige,Gray,NA,Saharah,,Not for sale,None,NA,NA,None,NA,Stone,folk art,None,None,Special Cool Nature Walls,1.0.0,RoomSpWallDesert00,5488,o45mte3eFoaM3ts98
dig-site wall,No,NA,No,3000,750,Brown,Beige,NA,Saharah,,Not for sale,None,NA,NA,None,NA,Wood,garden,horror,None,Stone Walls,1.0.0,RoomTexWallStratum00,5222,Rj3X2dJ5WfYu3wpMP
dirt-clod wall,No,NA,No,200,50,Beige,Brown,NA,Nook's Cranny,,For sale,Four Pane,Natural Wood,Screen,None,NA,Wood,horror,None,None,Stone Walls,1.0.0,RoomTexWallOldSoil00,4856,LCJDGnfwuHqkgfxJB
dojo wall,No,NA,No,3000,750,Yellow,Beige,NA,Saharah,,Not for sale,None,NA,NA,None,NA,Stone,fitness,zen-style,None,Wood Walls,1.0.0,RoomTexWallBaseboards00,5227,sLYrC9TRZJDMCZjM6
dungeon wall,Yes,NA,No,3000,750,Black,Gray,NA,Saharah,,Not for sale,None,NA,NA,None,NA,Wood,horror,None,None,Special Inorganic Walls,1.0.0,RoomSpWallJail00,5509,zcHJb34EruL2Szn87
exquisite wall,No,NA,No,3000,750,Brown,White,NA,Saharah,,Not for sale,None,NA,NA,None,NA,Stone,zen-style,shop,None,Asia,1.0.0,RoomTexWallChina00,4866,TPZRP5K6z87YHs6TC
forest wall,No,NA,Yes,NFS,44000,Black,Black,NA,Crafting,,Not for sale,None,NA,NA,None,NA,Stone,garden,None,mush,Nature Walls,1.0.0,RoomTexWallMushForest00,7187,ogwkK7pveFmag6MXj
future-tech wall,Yes,Synchro,No,3000,750,Black,Black,NA,Saharah,,Not for sale,None,NA,NA,None,NA,Plain,horror,folk art,None,Special Inorganic Walls,1.0.0,RoomSpWallTechnology00,5494,JawM9P46KeFwGXdsm
garbage-heap wall,No,NA,Yes,NFS,120,Light blue,Gray,NA,Crafting,,Not for sale,None,NA,NA,None,NA,Wood,garage,horror,None,Neta Walls,1.0.0,RoomTexWallGarbage00,5229,KfoTScCc4NZruFYd8
gold-screen wall,No,NA,Yes,NFS,20750,Yellow,Yellow,NA,Crafting,,Not for sale,None,NA,NA,None,NA,Gold,zen-style,expensive,None,Japanese Style,1.0.0,RoomTexWallFusumaGorgeous00,4820,CucFATJt8EtZmbKFX
golden wall,No,NA,Yes,NFS,40000,Yellow,Brown,NA,Crafting,,Not for sale,None,NA,NA,None,NA,Stone,expensive,horror,golden,Asia,1.0.0,RoomTexWallGold00,4894,uyLj28ErYLEjpYzEF
gray diner wall,No,NA,No,2420,605,White,Colorful,NA,Nook's Cranny,,For sale,Single Pane,White Metal,Glass,Slatted Blinds,White Plastic,Cloth,fancy,shop,None,Diner Walls,1.0.0,RoomTexWallDiner02,7243,eTcpWCGHCzsdGRs7k
gray molded-panel wall,No,NA,No,1980,495,Gray,Gray,NA,Nook's Cranny,,For sale,Sliding Pane,Black Metal,Glass,None,NA,Stone,expensive,shop,None,Panel Mold Walls,1.0.0,RoomTexWallPanelMold02,4872,49g9WCb7cvS8kpqDF
gray shanty wall,No,NA,No,620,155,Gray,Gray,NA,Nook's Cranny,,For sale,Single Pane,Grey Wood,Glass,Slatted Blinds,White Plastic,Cloth,garage,None,None,Tin Walls,1.0.0,RoomTexWallTin00,4923,7uz4sbe5zSfsa8PqK
gray-striped wall,No,NA,No,1520,380,Gray,White,NA,Nook's Cranny,,For sale,Four Pane,White Wood,Glass,Roller Shades,White,Wood,fancy,child's room,None,Stripe Walls,1.0.0,RoomTexWallStripe02,4944,xWHnQXK7duTWZ8GrD
green blossoming wall,No,NA,No,1760,440,Green,Brown,NA,Nook's Cranny,,For sale,Four Pane,Light Wood,Glass,Curtains,Green Checkered,Wood,fancy,living room,None,Country,1.0.0,RoomTexWallCountry03,4903,ZPCtPY4gYYKPn7ipQ
green delicate-blooms wall,No,NA,No,1900,475,Green,Black,NA,Nook's Cranny,,For sale,Four Pane,Dark Wood,Glass,Roller Shades,Undyed,Wood,expensive,living room,None,Manor Walls,1.0.0,RoomTexWallManor02,4898,rsBmsGkcmQYWzEivw
green flower-print wall,No,NA,No,1780,445,Green,Beige,NA,Nook's Cranny,,For sale,Four Pane,White Wood,Glass,Curtains,Green,Stone,fancy,living room,None,Flower Walls,1.0.0,RoomTexWallFlower01,4935,oYN6MCEQENZymoKdm
green honeycomb-tile wall,No,NA,No,1680,420,Green,Green,NA,Nook's Cranny,,For sale,Sliding Pane,Grey Metal,Glass,None,NA,Wood,bathroom,facility,None,Honeycomb,1.0.0,RoomTexWallHoneycomb02,4913,Aws33pgNCEygKeaB4
green intricate wall,No,NA,No,1570,392,Green,White,NA,Nook's Cranny,,For sale,Four Pane,Grey Wood,Glass,Roller Shades,White,Cloth,living room,shop,None,Flower Pop Walls,1.0.0,RoomTexWallFlowerPop02,6878,hD6uCKiZPpJC6eqom
green molded-panel wall,No,NA,No,1980,495,Green,White,NA,Nook's Cranny,,For sale,Sliding Pane,White Metal,Glass,None,NA,Wood,fancy,child's room,None,Panel Mold Walls,1.0.0,RoomTexWallPanelMold03,6854,L5cttCqv5dPEpZNwm
green painted-wood wall,No,NA,No,1650,412,Green,Green,NA,Nook's Cranny,,For sale,Four Pane,White Wood,Glass,None,NA,Cloth,fancy,child's room,None,Painted Wood,1.0.0,RoomTexWallPaintWood01,4949,wDrM2ExdLkKTKohtr
green playroom wall,No,NA,No,2540,635,Green,Green,NA,Nook's Cranny,,For sale,Sliding Pane,White Metal,Glass,None,NA,Stone,child's room,fancy,None,Toy Walls,1.0.0,RoomTexWallToy02,6866,hrZPmBpEgQ8SZm2oe
green wedding wall,No,NA,No,3000,750,None,None,NA,Wedding Season,,Not for sale,None,NA,NA,None,NA,Stone,party,expensive,wedding,Cloth Walls,1.2.0,RoomSpWallChurch02,12469,WvGCWHyf2NKwuiZ7Z
green-paint wall,No,NA,No,1600,400,Green,Green,NA,Nook's Cranny,,For sale,Four Pane,Dark Wood,Glass,None,NA,Cloth,fancy,living room,None,Stucco Walls,1.0.0,RoomTexWallStucco04,4812,3ZHQo8e8Wqgw4cpwy
groovy wall,No,NA,No,1280,320,Orange,Orange,NA,Nook's Cranny,,For sale,Single Pane,Natural Wood,Glass,Slatted Blinds,Brown Wood,Stone,party,None,None,Cloth Walls,1.0.0,RoomTexWallPsyche00,4846,gt5Bv4qHoaZ9QCyj4
harmonious wall,No,NA,No,1780,445,Brown,Brown,NA,Nook's Cranny,,For sale,None,NA,NA,None,NA,Wood,zen-style,shop,None,Asia,1.0.0,RoomTexWallOriental00,11180,uCzqeq8GvfKRsWRd4
heavy-curtain wall,No,NA,No,3000,750,Red,Black,NA,Saharah,,Not for sale,None,NA,NA,None,NA,Stone,music,party,None,Cloth Walls,1.0.0,RoomTexWallThickCurtain00,4878,mKPtEN398qGZ7Yryu
honeycomb wall,No,NA,Yes,NFS,3600,Yellow,Yellow,NA,Crafting,,Not for sale,None,NA,NA,None,NA,Stone,fancy,facility,None,Tile Walls,1.0.0,RoomTexWallHoney00,4865,hB3LqvkNidDmzrZ8z
honeycomb-tile wall,No,NA,No,1680,420,Brown,Brown,NA,Nook's Cranny,,For sale,Sliding Pane,Black Metal,Glass,None,NA,Stone,bathroom,facility,None,Honeycomb,1.0.0,RoomTexWallHoneycomb00,4909,S3bCMm6KGHKF6Ynzg
ice wall,Yes,NA,Yes,NFS,8200,Light blue,Light blue,NA,Crafting,,Not for sale,None,NA,NA,None,NA,Plain,freezing cold,facility,frozen,Special Walls,1.0.0,RoomSpWallIce00,5505,d84Y3R4CzrtjCasov
iceberg wall,No,NA,Yes,NFS,4000,Light blue,White,NA,Crafting,,Not for sale,None,NA,NA,None,NA,Stone,freezing cold,None,None,Neta Walls,1.0.0,RoomTexWallIceFloe00,5662,XqrwARWP9bzsmsjiF
imperial wall,No,NA,No,3000,750,Red,Red,NA,Saharah,,Not for sale,None,NA,NA,None,NA,Stone,expensive,None,None,Asia,1.0.0,RoomTexWallDynasty00,5224,YkuzvDjqXDB9CYHhm
industrial wall,No,NA,No,3000,750,Black,Black,NA,Saharah,,Not for sale,None,NA,NA,None,NA,Stone,facility,None,None,Iron Walls,1.0.0,RoomTexWallFactory00,4876,ao5GCHQqnwssDNRGN
ivy wall,No,NA,No,3000,750,Brown,Green,NA,Saharah,,Not for sale,None,NA,NA,None,NA,Wood,facility,shop,None,Nature Walls,1.0.0,RoomTexWallIvy00,4850,t6XmWqkyhZt8Axyeh
Jingle wall,Yes,Synchro,Yes,NFS,2500,Green,Colorful,NA,Crafting,,Not for sale,None,NA,NA,None,NA,Stone,fancy,party,festive,Special Walls,1.0.0,RoomSpWallXmas00,5230,ZjBHKK8ckePAaKpxe
jungle wall,No,NA,Yes,NFS,1380,Green,Green,NA,Crafting,,Not for sale,None,NA,NA,None,NA,Cloth,garden,facility,None,Nature Walls,1.0.0,RoomTexWallJungle00,5457,pJFdFWHgQRiYAn67i
kisses wall,No,NA,No,3000,750,Pink,White,NA,Saharah,,Not for sale,Single Pane,White Metal,Glass,Slatted Blinds,White Plastic,Tile,party,fancy,None,Cloth Walls,1.0.0,RoomTexWallKiss00,4881,ZeuGwoWptbyaQDsbu
laboratory wall,Yes,Random,No,3000,750,Black,Black,NA,Saharah,,Not for sale,None,NA,NA,None,NA,Wood,facility,None,None,Special Inorganic Walls,1.0.0,RoomSpWallLabo00,5495,kNrqC5Xs7RFybYfkN
lattice wall,No,NA,No,1780,445,Brown,Brown,NA,Nook's Cranny,,For sale,None,NA,NA,None,NA,Stone,zen-style,shop,None,Asia,1.0.0,RoomTexWallLattice00,4830,ZQFuCuh6fdtufMYzs
magma-cavern wall,Yes,Synchro,No,3000,750,Orange,Orange,NA,Saharah,,Not for sale,None,NA,NA,None,NA,Cloth,horror,None,None,Special Warm Nature Walls,1.0.0,RoomSpWallVolcano00,5506,ugvpYYqX4F9bgLbnj
manga-library wall,No,NA,Yes,NFS,1050,White,White,NA,Crafting,,Not for sale,None,NA,NA,None,NA,Plain,facility,den,None,Library Walls,1.0.0,RoomTexWallLibrary01,4838,wRBeXRoDHw6Curx44
mangrove wall,No,NA,No,3000,750,Green,Green,NA,Saharah,,Not for sale,None,NA,NA,None,NA,Wood,garden,None,None,Nature Walls,1.0.0,RoomTexWallMangrove00,5514,j8cYo8ozHYBaAm3JH
marine pop wall,No,NA,No,NFS,805,Light blue,Blue,NA,Fishing Tourney,,Not for sale,Four Pane,Grey Wood,Glass,Roller Shades,White,Plain,ocean,child's room,None,Cloth Walls,1.0.0,RoomTexWallFish00,4879,DmheJHpCg6xk8dX3R
meadow vista,Yes,Synchro,No,3000,750,Green,Light blue,NA,Saharah,,Not for sale,None,NA,NA,None,NA,Stone,garden,None,None,Special Cool Nature Walls,1.0.0,RoomSpWallHighLands00,5484,QdWj45HftWrWwC3dH
misty-garden wall,Yes,Random,No,3000,585,Gray,Gray,NA,Saharah,,Not for sale,None,NA,NA,None,NA,Cloth,garden,None,None,Special Cool Nature Walls,1.0.0,RoomSpWallRain00,11915,hgiWgFTr76YtZH8sH
mod wall,No,NA,No,1220,305,Orange,Orange,NA,Nook's Cranny,,For sale,Four Pane,Natural Wood,Glass,Roller Shades,Undyed,Wood,party,None,None,Cloth Walls,1.0.0,RoomTexWallMod00,4908,Tiya4QoMRwThyKcG8
modern shoji-screen wall,Yes,NA,No,1150,287,Brown,White,NA,Nook's Cranny,,For sale,None,NA,NA,None,NA,Wood,zen-style,shop,None,Japanese Style,1.0.0,RoomSpWallShojiModem00,4864,WBh8T7xJBavLRKZpB
modern tearoom wall,No,NA,No,1750,437,Brown,Brown,NA,Nook's Cranny,,For sale,Circle,Dark Wood,Screen,None,NA,Stone,zen-style,shop,None,Tea Room Walls,1.0.0,RoomTexWallMud02,11178,Yk5NZC7SSyjDEpnA7
modern wood wall,No,NA,Yes,NFS,1800,Brown,Brown,NA,Crafting,,Not for sale,Single Pane,Natural Wood,Glass,Slatted Blinds,Brown Wood,Wood,living room,child's room,None,Wood Walls,1.0.0,RoomTexWallMixwood00,4904,KZjTLMR8uhbpJGQ64
monochromatic dotted wall,No,NA,No,1100,275,Gray,White,NA,Nook's Cranny,,For sale,Four Pane,Dark Wood,Glass,Curtains,White,Stone,fancy,child's room,None,Dot,1.0.0,RoomTexWallDot00,4892,SWkrbmL8ME6NeQd9Q
monochromatic-tile wall,No,NA,No,1420,355,Gray,White,NA,Nook's Cranny,,For sale,Single Pane,White Metal,Glass,Slatted Blinds,White Plastic,Stone,bathroom,facility,None,Tile Walls,1.0.0,RoomTexWallTile00,4910,6pk8nNbm4EmT3PrBr
mortar wall,No,NA,No,3000,750,Gray,Gray,NA,Saharah,,Not for sale,None,NA,NA,None,NA,Stone,zen-style,None,None,Stone Walls,1.0.0,RoomTexWallPlaster00,5215,mfRLEniEAEB9YAjCY
mosaic-tile wall,No,NA,No,1450,362,Black,White,NA,Nook's Cranny,,For sale,Four Pane,Grey Wood,Glass,Roller Shades,White,Stone,bathroom,facility,None,Tile Walls,1.0.0,RoomTexWallMosaicTile00,4862,2T8d9sRKwijHhESDS
mossy-garden wall,No,NA,No,3000,750,Green,Green,NA,Saharah,,Not for sale,None,NA,NA,None,NA,Cloth,zen-style,None,None,Nature Walls,1.0.0,RoomTexWallMoss00,5458,nuuPHdxH5skMPdehs
mush wall,No,NA,Yes,NFS,21400,Orange,Brown,NA,Crafting,,Not for sale,Four Pane,White Wood,Glass,Roller Shades,Undyed,Wood,fancy,None,mush,Cloth Walls,1.0.0,RoomTexWallMush00,5164,6xJHWgQgJA9e2n4jJ
Nook Inc. wall,No,NA,No,NFS,6000,White,Light blue,1200,Nook Miles Shop,,Not for sale,Four Pane,Dark Wood,Glass,Curtains,White,Plain,fancy,shop,None,Cloth Walls,1.0.0,RoomTexWallFirst00,6004,e7uEC5di7XvHpvkuk
ocean-horizon wall,Yes,Synchro,No,3000,750,Blue,Light blue,NA,Saharah,,Not for sale,None,NA,NA,None,NA,Tile,ocean,None,None,Special Cool Nature Walls,1.0.0,RoomSpWallHorizon00,5486,BYpn3AZyJ8PWCAxHj
office wall,No,NA,No,3000,750,White,Light blue,NA,Saharah,,Not for sale,None,NA,NA,None,NA,Wood,office,None,None,Special Walls,1.0.0,RoomTexWallOffice00,5218,gSMtrRvmA9mYgtKtD
old wallpaper,No,NA,No,200,50,Beige,Beige,NA,Nook's Cranny,,For sale,Four Pane,White Wood,Glass,None,NA,Stone,horror,None,None,Cloth Walls,1.0.0,RoomTexWallOld00,4857,LvLyyhmz3TH3qjBi4
olive desert-tile wall,No,NA,No,2440,610,Yellow,Yellow,NA,Nook's Cranny,,For sale,Sliding Pane,White Metal,Glass,None,NA,Cloth,bathroom,facility,None,Morocco,1.0.0,RoomTexWallMorocco03,6863,z5bNEBbKNL56CwQKo
orange camo wall,No,NA,No,1150,287,Orange,Orange,NA,Nook's Cranny,,For sale,Single Pane,Grey Wood,Glass,Slatted Blinds,White Plastic,Cloth,party,child's room,None,Camouflage,1.0.0,RoomTexWallCamouflage03,6855,xiaFSrf6okC624pCz
orange molded-panel wall,No,NA,No,1980,495,Orange,Beige,NA,Nook's Cranny,,For sale,Sliding Pane,White Metal,Glass,None,NA,Cloth,fancy,child's room,None,Panel Mold Walls,1.0.0,RoomTexWallPanelMold00,4870,zW3vwqmKDGhK68rCJ
orange wall,No,NA,Yes,NFS,4000,Orange,Orange,NA,Crafting,,Not for sale,Four Pane,Grey Wood,Glass,Roller Shades,White,Stone,fancy,child's room,fruits,Fruit Walls,1.0.0,RoomTexWallOrange00,4915,4GirW6p4notkWfhs7
orange-paint wall,No,NA,No,1600,400,Orange,Orange,NA,Nook's Cranny,,For sale,Four Pane,Natural Wood,Glass,None,NA,Stone,fancy,child's room,None,Stucco Walls,1.0.0,RoomTexWallStucco01,4809,TFsdbmb9sti7Gz3pt
paintball wall,No,NA,No,3000,750,White,Colorful,NA,Saharah,,Not for sale,Single Pane,Grey Metal,Glass,Slatted Blinds,Aluminium,Stone,garage,facility,None,Stone Walls,1.0.0,RoomTexWallAtelier00,4854,qnE76Sd6WdnihirBL
palace wall,Yes,NA,No,3000,750,Beige,White,NA,Saharah,,Not for sale,None,NA,NA,None,NA,Cloth,expensive,folk art,None,Special Inorganic Walls,1.0.0,RoomSpWallPalace00,5502,fGigBL7P6sRsv25Au
party wall,No,NA,No,NFS,370,Colorful,White,NA,Birthday,,Not for sale,Four Pane,Dark Wood,Glass,Roller Shades,White,Wood,party,fancy,None,Cloth Walls,1.0.0,RoomTexWallParty00,5226,9v4H4NeFMQR9tKLj7
pastel dotted wall,No,NA,No,1100,275,White,Colorful,NA,Nook's Cranny,,For sale,Four Pane,Dark Wood,Glass,Curtains,White,Cloth,fancy,child's room,None,Dot,1.0.0,RoomTexWallDot01,4899,m4ha6kr7tPuio5AcL
pastel puzzle wall,No,NA,No,1540,385,White,White,NA,Nook's Cranny,,For sale,Single Pane,White Metal,Glass,Slatted Blinds,White Plastic,Stone,fancy,child's room,None,Puzzle Walls,1.0.0,RoomTexWallPuzzle00,4886,b3EvGiavTx8QPHrfP
peach two-toned tile wall,No,NA,No,1850,462,Pink,Pink,NA,Nook's Cranny,,For sale,Sliding Pane,White Metal,Glass,None,NA,Cloth,bathroom,facility,None,Two-Tone Tile Walls,1.0.0,RoomTexWallTwoToneTile04,6857,m9bGMPzT4cjdMddyY
peach wall,No,NA,Yes,NFS,4000,Pink,Pink,NA,Crafting,,Not for sale,Four Pane,Grey Wood,Glass,Roller Shades,White,Cloth,fancy,child's room,fruits,Fruit Walls,1.0.0,RoomTexWallPeach00,4918,cpGXBrDm4SXGAXraz
pear wall,No,NA,Yes,NFS,4000,Green,Green,NA,Crafting,,Not for sale,Four Pane,Grey Wood,Glass,Roller Shades,White,Tile,fancy,child's room,fruits,Fruit Walls,1.0.0,RoomTexWallPear00,4917,vtaaw7vsoJD8meQuM
perforated-board wall,No,NA,No,1180,295,Brown,Brown,NA,Nook's Cranny,,For sale,None,NA,NA,None,NA,Wood,music,facility,None,Pegboard Walls,1.0.0,RoomTexWallPegboard01,4921,BThQrmfp4EnBqyfv3
pink blossoming wall,No,NA,No,1760,440,Pink,Brown,NA,Nook's Cranny,,For sale,Four Pane,Dark Wood,Glass,Curtains,Red Checkered,Stone,fancy,living room,None,Country,1.0.0,RoomTexWallCountry01,4895,zgZSrtarnCJG53AdD
pink diner wall,No,NA,No,2420,605,Pink,Colorful,NA,Nook's Cranny,,For sale,Single Pane,White Metal,Glass,Slatted Blinds,White Plastic,Wood,fancy,shop,None,Diner Walls,1.0.0,RoomTexWallDiner01,7242,MXeKHor4q66HH3GJs
pink flower-print wall,No,NA,No,1780,445,Pink,Pink,NA,Nook's Cranny,,For sale,Four Pane,Natural Wood,Glass,Curtains,Pink,Cloth,fancy,living room,None,Flower Walls,1.0.0,RoomTexWallFlower00,4893,eCN5rZb7sXsoWSCmW
pink heart-pattern wall,No,NA,No,1280,320,Pink,Pink,NA,Nook's Cranny,,For sale,Four Pane,White Wood,Glass,Roller Shades,White,Wood,fancy,child's room,None,Heart Walls,1.0.0,RoomTexWallHeart01,4875,4f732CJdDvXxHDQsd
pink painted-wood wall,No,NA,No,1650,412,Pink,Pink,NA,Nook's Cranny,,For sale,Four Pane,White Wood,Glass,None,NA,Cloth,fancy,child's room,None,Painted Wood,1.0.0,RoomTexWallPaintWood02,4802,tjx2TsuHTcr4jaMHM
pink playroom wall,No,NA,No,2540,635,Pink,Pink,NA,Nook's Cranny,,For sale,Sliding Pane,White Metal,Glass,None,NA,Cloth,child's room,fancy,None,Toy Walls,1.0.0,RoomTexWallToy01,4889,xYNWemEyTsD9zG8iC
pink quilt wall,No,NA,No,2150,537,Pink,White,NA,Nook's Cranny,,For sale,Four Pane,White Wood,Glass,Curtains,White Lace,Stone,fancy,child's room,None,Dollhouse Walls,1.0.0,RoomTexWallDollhouse00,7274,gToedZLPo7MbMvpah
pink shanty wall,No,NA,No,620,155,Pink,Pink,NA,Nook's Cranny,,For sale,Single Pane,Grey Wood,Glass,Slatted Blinds,White Plastic,Wood,garage,None,None,Tin Walls,1.0.0,RoomTexWallTin01,4924,WfmPknxrLpp25SMbS
pink simple-cloth wall,No,NA,No,750,187,Pink,Pink,NA,Nook's Cranny,,For sale,Four Pane,White Wood,Glass,Curtains,White,Tile,child's room,living room,None,Simple Walls,1.0.0,RoomTexWallSimple02,4868,mH2zs7NpfPgERmHwm
pink-crown wall,No,NA,No,2350,587,Pink,White,NA,Nook's Cranny,,For sale,None,NA,NA,None,NA,Cloth,fancy,expensive,None,Crown Walls,1.0.0,RoomTexWallCrown02,4816,cwBg3xvzjfh2qm7Lg
pink-striped wall,No,NA,No,1520,380,Pink,White,NA,Nook's Cranny,,For sale,Four Pane,White Wood,Glass,Roller Shades,White,Cloth,fancy,child's room,None,Stripe Walls,1.0.0,RoomTexWallStripe01,4943,Pwd2z87xxFm52tA28
purple camo wall,No,NA,No,1150,287,Purple,Purple,NA,Nook's Cranny,,For sale,Single Pane,White Metal,Glass,Slatted Blinds,White Plastic,Stone,party,child's room,None,Camouflage,1.0.0,RoomTexWallCamouflage02,4885,AY2jSyyAd4BD74xQ7
purple desert-tile wall,No,NA,No,2440,610,Purple,Purple,NA,Nook's Cranny,,For sale,Sliding Pane,White Metal,Glass,None,NA,Wood,bathroom,facility,None,Morocco,1.0.0,RoomTexWallMorocco02,6864,2y5jPPPs3so7APToC
purple dotted wall,No,NA,No,1100,275,Purple,White,NA,Nook's Cranny,,For sale,Four Pane,Natural Wood,Glass,Curtains,White,Cloth,fancy,child's room,None,Dot,1.0.0,RoomTexWallDot04,4902,JRu4Xs5kYG4ognk2P
purple puzzle wall,No,NA,No,1540,385,Purple,Colorful,NA,Nook's Cranny,,For sale,Single Pane,White Metal,Glass,Slatted Blinds,White Plastic,Cloth,None,None,None,Puzzle Walls,1.0.0,RoomTexWallPuzzle03,6875,iG8MR3f2F2jDsLjT9
purple quilt wall,No,NA,No,2150,537,Purple,White,NA,Nook's Cranny,,For sale,Four Pane,White Wood,Glass,Curtains,White Lace,Wood,fancy,child's room,None,Dollhouse Walls,1.0.0,RoomTexWallDollhouse03,7275,tmY5uczEnYXA6fdeQ
purple-rose wall,No,NA,No,1720,430,Purple,Purple,NA,Nook's Cranny,,For sale,Arch,Grey Metal,Glass,None,NA,Stone,fancy,None,None,Rose Walls,1.0.0,RoomTexWallRose01,4907,kHEHhFZSfDXTHtZAa
rammed-earth wall,No,NA,No,1800,450,Brown,Beige,NA,Nook's Cranny,,For sale,None,NA,NA,None,NA,Stone,folk art,None,None,Stone Walls,1.0.0,RoomTexWallHanchiku00,4845,9AafcLh3QkLp2tdWj
ramshackle wall,No,NA,No,3000,750,Brown,Beige,NA,Saharah,,Not for sale,Four Pane,Dark Wood,Glass,None,NA,Wood,horror,None,None,Stone Walls,1.0.0,RoomTexWallRuins00,5225,bTb98gEchXobwaqdt
red art-deco wall,No,NA,No,2780,695,Red,Black,NA,Nook's Cranny,,For sale,Arch,Grey Metal,Glass,None,NA,Wood,child's room,living room,None,Art Deco Walls,1.0.0,RoomTexWallArtDeco01,4818,R3zgKkrxc3ar4y9A8
red delicate-blooms wall,No,NA,No,1900,475,Red,Brown,NA,Nook's Cranny,,For sale,Four Pane,Dark Wood,Glass,Roller Shades,Undyed,Wood,expensive,living room,None,Manor Walls,1.0.0,RoomTexWallManor01,4897,F7oWFwEAh4evtkJcb
red dotted wall,No,NA,No,1100,275,Red,Red,NA,Nook's Cranny,,For sale,Four Pane,White Wood,Glass,Curtains,White,Cloth,fancy,child's room,None,Dot,1.0.0,RoomTexWallDot02,4900,3mfqbt8sXR88eDfTk
red heart-pattern wall,No,NA,No,1280,320,Red,Red,NA,Nook's Cranny,,For sale,Four Pane,White Wood,Glass,Roller Shades,White,Wood,fancy,child's room,None,Heart Walls,1.0.0,RoomTexWallHeart03,6870,TPrtAkkWJa7KpLady
red intricate wall,No,NA,No,1570,392,Red,White,NA,Nook's Cranny,,For sale,Four Pane,Grey Wood,Glass,Roller Shades,White,Tile,living room,shop,None,Flower Pop Walls,1.0.0,RoomTexWallFlowerPop03,6879,yasngHr44QgXc9tYs
red perforated-board wall,No,NA,No,1180,295,Red,Red,NA,Nook's Cranny,,For sale,None,NA,NA,None,NA,Stone,music,facility,None,Pegboard Walls,1.0.0,RoomTexWallPegboard03,6853,TCLSE3BdkCQeiM7wX
red two-toned tile wall,No,NA,No,1850,462,Red,Red,NA,Nook's Cranny,,For sale,Sliding Pane,White Metal,Glass,None,NA,Wood,bathroom,facility,None,Two-Tone Tile Walls,1.0.0,RoomTexWallTwoToneTile03,6856,u9dKmtft32t4cxxiW
red-brick wall,No,NA,No,1000,250,Red,Brown,NA,Nook's Cranny,,For sale,Four Pane,Dark Wood,Glass,None,NA,Wood,facility,shop,None,Brick,1.0.0,RoomTexWallBrick01,4928,Hu3jyiCP23j78PCdX
retro flower-print wall,No,NA,No,1660,415,Green,Green,NA,Nook's Cranny,,For sale,Four Pane,White Wood,Glass,Curtains,White Lace,Plain,fancy,living room,None,Cloth Walls,1.0.0,RoomTexWallKitsch00,4847,MdWwebM7zyeBdykxp
rice-paddy wall,Yes,Synchro,No,3000,750,Light blue,Green,NA,Saharah,,Not for sale,None,NA,NA,None,NA,Plain,garden,None,None,Special Cool Nature Walls,1.0.0,RoomSpWallFarm00,5487,TnHvGeJGKioxc95mH
ringside seating,Yes,NA,No,3000,750,Black,Black,NA,Saharah,,Not for sale,None,NA,NA,None,NA,Stone,fitness,None,None,Special Walls,1.0.0,RoomSpWallWrestling00,5512,bg9rQRYAbzeD8rLCw
rock-climbing wall,No,NA,No,3000,750,White,Colorful,NA,Saharah,,Not for sale,None,NA,NA,None,NA,Wood,fitness,None,None,Neta Walls,1.0.0,RoomTexWallBouldering00,4851,CRvqDNWfXzY2ibXvG
rose wall,No,NA,No,1720,430,Red,White,NA,Nook's Cranny,,For sale,Arch,Wood,Glass,None,NA,Stone,fancy,None,None,Rose Walls,1.0.0,RoomTexWallRose00,4906,azgSWFRcgeuopRWrH
ruins wall,No,NA,No,3000,750,Black,Gray,NA,Saharah,,Not for sale,None,NA,NA,None,NA,Stone,horror,folk art,None,Nature Walls,1.0.0,RoomTexWallRemains00,5228,ZHiKhqts5brebhYH9
rustic-stone wall,No,NA,Yes,NFS,1750,Gray,Gray,NA,Crafting,,Not for sale,Four Pane,Dark Wood,Glass,None,NA,Wood,facility,shop,None,Stone Walls,1.0.0,RoomTexWallStone00,4813,xP7S673w2oNwNHowp
sakura-wood wall,No,NA,Yes,NFS,3200,Pink,Pink,NA,Crafting,,Not for sale,Four Pane,Grey Wood,Glass,Curtains,Pink,Tile,child's room,fancy,cherry blossoms,Wood Walls,1.0.0,RoomTexWallSolidWood00,4947,jFtMrj8NBC3o4ALzG
sci-fi wall,Yes,Random,Yes,NFS,7500,Black,Black,NA,Crafting,,Not for sale,None,NA,NA,None,NA,Wood,space,facility,None,Special Inorganic Walls,1.0.0,RoomSpWallSF00,5510,y48TLWMbXCbrWQp5a
screen wall,No,NA,No,3000,750,White,White,NA,Nook's Cranny,,For sale,None,NA,NA,None,NA,Plain,zen-style,facility,None,Japanese Style,1.0.0,RoomTexWallFusuma00,4819,wk4ST89FjabXnZPXy
sea view,Yes,Synchro,No,3000,750,Light blue,Blue,NA,Saharah,,Not for sale,None,NA,NA,None,NA,Tile,ocean,None,None,Special Cool Nature Walls,1.0.0,RoomSpWallSeaView00,5501,fHQn9EzoTxznm7nJ9
security-monitors wall,Yes,Random,No,3000,750,Black,Gray,NA,Saharah,,Not for sale,None,NA,NA,None,NA,Cloth,facility,None,None,Special Inorganic Walls,1.0.0,RoomSpWallMonitor00,5491,N6T3rBvQdYoJoXkrH
sepia puzzle wall,No,NA,No,1540,385,Beige,Colorful,NA,Nook's Cranny,,For sale,Single Pane,White Metal,Glass,Slatted Blinds,White Plastic,Tile,fancy,child's room,None,Puzzle Walls,1.0.0,RoomTexWallPuzzle02,6874,2mtYv7D25wDqMWi6P
server-room wall,Yes,Random,No,3000,750,Black,Black,NA,Saharah,,Not for sale,None,NA,NA,None,NA,Wood,facility,None,None,Special Inorganic Walls,1.0.0,RoomSpWallServer00,5490,ycnhxNaWfeXEq5x7A
shoji screen,Yes,NA,No,1880,470,Beige,White,NA,Nook's Cranny,,For sale,None,NA,NA,None,NA,Stone,zen-style,None,None,Japanese Style,1.0.0,RoomSpWallShoji00,4863,5RdqeAZAvdCR5QxqM
shutter wall,No,NA,No,3000,750,White,Gray,NA,Saharah,,Not for sale,None,NA,NA,None,NA,Plain,facility,shop,None,Iron Walls,1.0.0,RoomTexWallShutter00,4825,4ez74JDpR9kmiroQr
ski-slope wall,Yes,Synchro,Yes,NFS,3200,White,White,NA,Crafting,,Not for sale,None,NA,NA,None,NA,Cloth,freezing cold,None,None,Special Cool Nature Walls,1.0.0,RoomSpWallGelande00,5498,hCdDcFDBWEe6pmctp
skull wall,Yes,LightOff,No,3000,750,Black,Black,NA,Nook's Cranny,,For sale,Single Pane,Black Metal,Glass,Slatted Blinds,Black Plastic,Plain,horror,child's room,None,Special Inorganic Walls,1.0.0,RoomSpWallSkull00,5520,7GLt2YDxMDyp8EJth
sky wall,Yes,Synchro,No,3000,750,Light blue,White,NA,Saharah,,Not for sale,None,NA,NA,None,NA,Stone,fancy,None,None,Special Cool Nature Walls,1.0.0,RoomSpWallCloud00,5504,9YmTrPqSZRCvxRtLi
skyscraper wall,No,NA,No,3000,750,Black,Gray,NA,Saharah,,Not for sale,None,NA,NA,None,NA,Cloth,expensive,None,None,Neta Walls,1.0.0,RoomTexWallSkyscraper00,4852,Ah36ZRM9QBHBt7HZF
snowflake wall,No,NA,Yes,NFS,4800,Light blue,Light blue,NA,Crafting,,Not for sale,Four Pane,Grey Wood,Glass,Roller Shades,White,Wood,freezing cold,None,None,Cloth Walls,1.0.0,RoomTexWallSnowCrystal00,4855,w5MEjbgphAwDo42mk
soothing tearoom wall,No,NA,No,1750,437,White,Beige,NA,Nook's Cranny,,For sale,Circle,Natural Wood,Screen,None,NA,Wood,zen-style,shop,None,Tea Room Walls,1.0.0,RoomTexWallMud01,11177,Bke28iGoY3LhDagx4
stacked-wood wall,No,NA,Yes,NFS,1800,Brown,Brown,NA,Crafting,,Not for sale,None,NA,NA,None,NA,Plain,garage,facility,None,Wood Walls,1.0.0,RoomTexWallFireWood00,4844,TZi9bo7GYzJxPJNNe
stadium wall,Yes,NA,No,3000,750,Colorful,Colorful,NA,Saharah,,Not for sale,None,NA,NA,None,NA,Wood,fitness,None,None,Special Cool Nature Walls,1.0.0,RoomSpWallStadium00,5503,oJoGTXMzLnYTpdBaf
standard tearoom wall,No,NA,No,1750,437,Green,Green,NA,Nook's Cranny,,For sale,Circle,Natural Wood,Screen,None,NA,Cloth,zen-style,None,None,Tea Room Walls,1.0.0,RoomTexWallMud00,5521,4Zv8KLzxrsm6k53pN
starry wall,Yes,LightOff,Yes,NFS,7500,Gray,White,NA,Crafting,,Not for sale,Four Pane,White Wood,Glass,Roller Shades,White,Plain,fancy,child's room,None,Special Cool Nature Walls,1.0.0,RoomSpWallStarPrint00,5528,sjnLXANKDEPMzdGbn
starry-sky wall,Yes,NA,Yes,NFS,7500,Blue,Blue,NA,Crafting,,Not for sale,None,NA,NA,None,NA,Stone,space,None,stars,Special Cool Nature Walls,1.0.0,RoomSpWallStarSky00,5500,iMQgW8pWYPWbj9Qom
stately wall,No,NA,No,2450,612,White,White,NA,Nook's Cranny,,For sale,None,NA,NA,None,NA,Stone,expensive,None,None,Asia,1.0.0,RoomTexWallRenaissance00,4861,BdPATBHc8m7YvJzwP
steel-frame wall,No,NA,Yes,NFS,6000,Red,Gray,NA,Crafting,,Not for sale,None,NA,NA,None,NA,Stone,garage,facility,None,Iron Walls,1.0.0,RoomTexWallSteel00,4801,K2uSKanJ3r6bQt6MG
stone wall,No,NA,Yes,NFS,1500,Black,Gray,NA,Crafting,,Not for sale,None,NA,NA,None,NA,Plain,horror,facility,None,Stone Walls,1.0.0,RoomTexWallBasement00,5216,8hnPcADHfoEpvgSAS
stormy-night wall,Yes,Random,No,3000,750,Black,Gray,NA,Saharah,,Not for sale,None,NA,NA,None,NA,Stone,horror,None,None,Special Warm Nature Walls,1.0.0,RoomSpWallThunder00,5499,Y3sjyMeHtDFcdBfrM
straw wall,No,NA,No,3000,750,Beige,Beige,NA,Saharah,,Not for sale,None,NA,NA,None,NA,Tile,folk art,None,None,Wood Walls,1.0.0,RoomTexWallStraw00,5217,u3orRaGAX2iwdtCLG
strawberry-chocolate wall,No,NA,No,3000,750,Pink,Pink,NA,Saharah,,Not for sale,None,NA,NA,None,NA,Stone,fancy,None,None,Chocolate,1.0.0,RoomTexWallChocolate02,4934,G5QeNa2L26MwuCexA
street-art wall,No,NA,No,3000,750,Colorful,Colorful,NA,Saharah,,Not for sale,None,NA,NA,None,NA,Plain,garage,None,None,Neta Walls,1.0.0,RoomTexWallStreetArt00,5221,88hCuytidryqimPXr
summit wall,Yes,Synchro,No,3000,750,Black,White,NA,Saharah,,Not for sale,None,NA,NA,None,NA,Stone,garden,None,None,Special Cool Nature Walls,1.0.0,RoomSpWallMountainTop00,5513,hFmF2iNjDvLGfF3Rf
tree-lined wall,No,NA,No,3000,750,Green,Light blue,NA,Saharah,,Not for sale,None,NA,NA,None,NA,Plain,garden,None,None,Nature Walls,1.0.0,RoomTexWallRoadsideTree00,5456,aLzrLXC7Nyk6h6pDw
tropical vista,Yes,Synchro,Yes,NFS,6000,Light blue,Beige,NA,Crafting,,Not for sale,None,NA,NA,None,NA,Plain,ocean,None,None,Special Cool Nature Walls,1.0.0,RoomSpWallTropical00,5661,sZgNFwEcxpLSAxB4X
underwater wall,Yes,Synchro,Yes,NFS,8600,Blue,Light blue,NA,Crafting,,Not for sale,None,NA,NA,None,NA,Stone,ocean,None,None,Special Cool Nature Walls,1.0.0,RoomSpWallFishTank00,5508,QXNnruZcwJursNmjP
wavy-tile wall,No,NA,No,1740,435,Gray,White,NA,Nook's Cranny,,For sale,None,NA,NA,None,NA,Plain,shop,facility,None,Tile Walls,1.0.0,RoomTexWallWaveTile00,4832,eLQ2JDZKjrzcnP9gn
wedding-party wall,No,NA,No,1750,437.5,None,None,NA,Wedding Season,,Not for sale,None,NA,NA,None,NA,Stone,party,expensive,wedding,Cloth Walls,1.2.0,RoomTexWallJuneBride00,12461,xT6kyFtbGPpR8nRM3
western vista,Yes,Synchro,No,3000,750,Brown,Beige,NA,Saharah,,Not for sale,None,NA,NA,None,NA,Stone,folk art,horror,None,Special Cool Nature Walls,1.0.0,RoomSpWallWilderness00,5489,tYFKmm4XzGGGQAcfG
white botanical-tile wall,No,NA,No,1240,310,White,White,NA,Nook's Cranny,,For sale,Single Pane,White Wood,Glass,Slatted Blinds,White Plastic,Wood,facility,expensive,None,Wood Tile Walls,1.0.0,RoomTexWallWoodTile00,4826,QyrvwKiKMmNvm7KxR
white delicate-blooms wall,No,NA,No,1900,475,White,White,NA,Nook's Cranny,,For sale,Four Pane,Dark Wood,Glass,Roller Shades,Undyed,Wood,expensive,living room,None,Manor Walls,1.0.0,RoomTexWallManor00,4891,ZDpt8b6TTGr2hihP5
white hallway wall,No,NA,No,2000,500,White,White,NA,Nook's Cranny,,For sale,None,NA,NA,None,NA,Stone,facility,music,None,Hall Walls,1.0.0,RoomTexWallHall02,6861,HZoM3iHpKrQPBK2Gh
white honeycomb-tile wall,No,NA,No,1680,420,White,White,NA,Nook's Cranny,,For sale,Sliding Pane,White Metal,Glass,None,NA,Wood,bathroom,facility,None,Honeycomb,1.0.0,RoomTexWallHoneycomb03,4914,K8mdzBZZeBLxZEAzZ
white painted-wood wall,No,NA,No,1650,412,White,White,NA,Nook's Cranny,,For sale,Four Pane,White Wood,Glass,None,NA,Tile,living room,child's room,None,Painted Wood,1.0.0,RoomTexWallPaintWood03,4803,cN4bnHaw4mruhnMZk
white perforated-board wall,No,NA,No,1180,295,White,White,NA,Nook's Cranny,,For sale,None,NA,NA,None,NA,Wood,music,facility,None,Pegboard Walls,1.0.0,RoomTexWallPegboard00,4920,krohWS7x49N2hCKrF
white simple-cloth wall,No,NA,No,750,187,White,White,NA,Nook's Cranny,,For sale,Four Pane,Light Wood,Glass,Curtains,White,Stone,child's room,living room,None,Simple Walls,1.0.0,RoomTexWallSimple00,4939,z2Zh2fzFwCbvMDm8J
white subway-tile wall,No,NA,No,1340,335,White,White,NA,Nook's Cranny,,For sale,Sliding Pane,White Metal,Glass,None,NA,Wood,facility,shop,None,Metro Walls,1.0.0,RoomTexWallMetro01,4941,ajXm5zy9pwf7XEyHF
white wedding wall,No,NA,No,3000,750,None,None,NA,Wedding Season,,Not for sale,None,NA,NA,None,NA,Stone,party,expensive,wedding,Cloth Walls,1.2.0,RoomSpWallChurch00,12466,mKuptCLkH2MknX2PN
white-brick wall,No,NA,No,1000,250,White,White,NA,Nook's Cranny,,For sale,Four Pane,White Wood,Glass,None,NA,Tile,facility,shop,None,Brick,1.0.0,RoomTexWallBrick00,4927,htjwxjceb2hc6GxjX
white-chocolate wall,No,NA,No,3000,750,White,Beige,NA,Saharah,,Not for sale,None,NA,NA,None,NA,Wood,fancy,None,None,Chocolate,1.0.0,RoomTexWallChocolate01,4933,6qMhFdc2nDSvJSCfT
white-rose wall,No,NA,No,1720,430,Pink,White,NA,Nook's Cranny,,For sale,Arch,Grey Metal,Glass,None,NA,Stone,fancy,None,None,Rose Walls,1.0.0,RoomTexWallRose02,6868,yksDvcnnKqM7tnzas
wild-wood wall,No,NA,Yes,NFS,1800,Black,Black,NA,Crafting,,Not for sale,Single Pane,Dark Wood,Glass,Slatted Blinds,Dark Brown Wood,Wood,living room,shop,None,Wood Walls,1.0.0,RoomTexWallWildWood00,4858,vhJr7B96SnG3xQQCs
wooden-knot wall,No,NA,Yes,NFS,1800,Brown,Brown,NA,Crafting,,Not for sale,Four Pane,Natural Wood,Glass,Roller Shades,Undyed,Stone,living room,child's room,None,Wood Walls,1.0.0,RoomTexWallCedar00,4911,puQYs9hygxfcQWsjt
wooden-mosaic wall,No,NA,Yes,NFS,1800,Brown,Brown,NA,Crafting,,Not for sale,Single Pane,Natural Wood,Glass,Slatted Blinds,Brown Wood,Stone,living room,shop,None,Wood Plank Walls,1.0.0,RoomTexWallMixPlankWood00,4859,RgzoarteJyzD4xSAm
woodland wall,No,NA,Yes,NFS,1380,Green,Green,NA,Crafting,,Not for sale,None,NA,NA,None,NA,Wood,horror,facility,None,Nature Walls,1.0.0,RoomTexWallJukai00,5223,2B4YTYqnm64vgANY4
yellow flower-print wall,No,NA,No,1780,445,Yellow,Yellow,NA,Nook's Cranny,,For sale,Four Pane,Dark Wood,Glass,Curtains,Yellow,Cloth,fancy,living room,None,Flower Walls,1.0.0,RoomTexWallFlower02,6872,esknqzcAenk8uqzYk
yellow heart-pattern wall,No,NA,No,1280,320,Yellow,Yellow,NA,Nook's Cranny,,For sale,Four Pane,White Wood,Glass,Roller Shades,White,Wood,fancy,child's room,None,Heart Walls,1.0.0,RoomTexWallHeart02,6871,BqWMEqc2tL8CnPAmd
yellow intricate wall,No,NA,No,1570,392,Yellow,White,NA,Nook's Cranny,,For sale,Four Pane,Grey Wood,Glass,Roller Shades,White,Cloth,living room,shop,None,Flower Pop Walls,1.0.0,RoomTexWallFlowerPop01,4849,FrZas8MjMdjDTPvkX
yellow playroom wall,No,NA,No,2540,635,Yellow,Yellow,NA,Nook's Cranny,,For sale,Sliding Pane,White Metal,Glass,None,NA,Cloth,child's room,fancy,None,Toy Walls,1.0.0,RoomTexWallToy03,6865,mraytANoYBQvA8qAk
yellow quilt wall,No,NA,No,2150,537,Yellow,White,NA,Nook's Cranny,,For sale,Four Pane,White Wood,Glass,Curtains,White Lace,Wood,fancy,child's room,None,Dollhouse Walls,1.0.0,RoomTexWallDollhouse02,7276,ysEdh2vpCpg5qBcNg
yellow simple-cloth wall,No,NA,No,750,187,Beige,Yellow,NA,Nook's Cranny,,For sale,Four Pane,White Wood,Glass,Curtains,White,Stone,child's room,living room,None,Simple Walls,1.0.0,RoomTexWallSimple01,4867,7sSXFNqcYgPMcGY8k
yellow-paint wall,No,NA,No,1600,400,Yellow,Yellow,NA,Nook's Cranny,,For sale,Four Pane,Natural Wood,Glass,None,NA,Cloth,fancy,child's room,None,Stucco Walls,1.0.0,RoomTexWallStucco00,4808,TySAA4kKqyvGGeZ5C
yellow-striped wall,No,NA,No,1520,380,Yellow,Beige,NA,Nook's Cranny,,For sale,Four Pane,White Wood,Glass,Roller Shades,White,Cloth,fancy,child's room,None,Stripe Walls,1.0.0,RoomTexWallStripe04,4946,N6sef3YhY973LDgdR